site,item_title,content,author,url,item_id,other_data,publish_date,score,pk
京东,飞利浦新安怡 自然系列双边电动吸乳器/吸奶器 卓悦排空 自然韵律科技 SCF303/01新老款随机发货,太坑了，买了不到一个月不仅降价而且赠品价值就好几百，这就是京东自营吗？把已经购买的用户权益放在哪了？,等待蜗牛506,https://item.jd.com/2576004.html,2576004,{"is_add_review":"是"},2019/04/12 07:52:44,5,6fc|ecomm_url_20190413000454_030_51_20190411192859_京东_2576004_a679b174886f10a76db16b01a9dff114
京东,飞利浦新安怡 英国品牌 AVENT 宽口径自然亲柔型奶嘴新生儿流量对装SCF651/23,不错，正品,jd_东东,https://item.jd.com/3350756.html,3350756,{"is_add_review":"否"},2019/04/12 00:10:31,5,6fc|ecomm_url_20190413000454_030_51_20190412001031_京东_3350756_267cf8fe40070940911ec04893b1272a
京东,飞利浦新安怡 美国进口 AVENT 全硅胶柔软安抚奶嘴/牙胶0-3个月蓝/绿 一体式设计 SCF194/01,非常不错，非常不错,猴***刀,https://item.jd.com/3887460.html,3887460,{"is_add_review":"否"},2019/04/12 00:11:08,5,6fc|ecomm_url_20190413000454_030_51_20190412001108_京东_3887460_ba8164845335adf3a844aabfa1702775
京东,飞利浦新安怡 英国品牌 AVENT 宽口径玻璃奶瓶125ml+240ml新生儿套装 SCF679/53自然顺畅,宝宝用品都是在京东上买的，主要是放心，又快,jd_东东,https://item.jd.com/2272004.html,2272004,{"is_add_review":"否"},2019/04/12 00:11:18,5,6fc|ecomm_url_20190413000454_030_51_20190412001118_京东_2272004_b9d92149c19d5b9257dba12cd344a544
京东,飞利浦 新安怡（AVENT）全硅胶柔软安抚奶嘴/牙胶（3个月+）粉/紫对装 一体式设计 SCF194/05,硅胶一体 不错,大曦曦ing,https://item.jd.com/5132890.html,5132890,{"is_add_review":"否"},2019/04/12 00:19:26,5,6fc|ecomm_url_20190413000454_030_51_20190412001926_京东_5132890_a608a859ceede10e0d675793cd00f7d7
京东,飞利浦新安怡 英国品牌 AVENT 宽口径自然亲柔型奶嘴新生儿流量对装SCF651/23,一直用新安怡奶嘴，质量棒棒哒,j***5,https://item.jd.com/3350756.html,3350756,{"is_add_review":"否"},2019/04/12 00:41:03,5,6fc|ecomm_url_20190413000454_030_51_20190412004103_京东_3350756_6d636d1cc03186fd0ad11772f4bd723c
京东,飞利浦新安怡 英国进口 AVENT 宽口径自然质柔型新生儿奶嘴六个月+适用于浓稠液体对装SCF656/23,挺好用的，一直在京东上买这些，感谢京东,小二郎-_-_,https://item.jd.com/3021857.html,3021857,{"is_add_review":"否"},2019/04/12 00:42:04,5,6fc|ecomm_url_20190413000454_030_51_20190412004204_京东_3021857_e36d06a1a2d861eedde68c402e772dd4
京东,飞利浦新安怡 英国品牌 AVENT 宽口径自然亲柔型奶嘴新生儿特小流量对装SCF657/23,收到了，月子中快递直接送到家里了，非常满意，宝贝儿用着很好，没有在呛奶了,jd_187310ozv,https://item.jd.com/3350760.html,3350760,{"is_add_review":"否"},2019/04/12 01:21:28,5,6fc|ecomm_url_20190413000454_030_51_20190412012128_京东_3350760_9e40cf7711fe88bd92ea1ae65242c097
京东,,好快真的好好好好好好好ヾ ^_^?,h***0,https://item.jd.com/5479831.html,5479831,{"is_add_review":"否"},2019/04/12 02:13:44,5,6fc|ecomm_url_20190413000454_030_51_20190412021344_京东_5479831_3cabdf97adf5ab0381cfd49e2ce1e234
京东,飞利浦新安怡 英国品牌 AVENT 宽口径玻璃奶瓶125ml+240ml新生儿套装 SCF679/53自然顺畅,送给朋友家二宝的，已经用上了，朋友反应说很好。,j***c,https://item.jd.com/2272004.html,2272004,{"is_add_review":"否"},2019/04/12 05:15:39,5,6fc|ecomm_url_20190413000454_030_51_20190412051539_京东_2272004_6f8104e8b2d45416a5ffa73af9a773ff
京东,飞利浦新安怡 英国品牌 AVENT 单边电动手动两用吸乳器/吸奶器 迷你便携款 迷你随行 SCF903/01,使用起来很好，一份价钱一份货，值得购买！,卫***帅,https://item.jd.com/6130798.html,6130798,{"is_add_review":"否"},2019/04/12 05:37:49,5,6fc|ecomm_url_20190413000454_030_51_20190412053749_京东_6130798_e2af7a6beb2c207dcbbd87d9146f398e
京东,飞利浦新安怡 英国品牌 AVENT 宽口径自然亲柔型新生儿奶嘴一个月+慢流量对装SCF652/23,一直用新安怡的奶瓶和奶嘴，还会一如既往地支持和购买，希望质量一直能让我们满意！,jd_541940906,https://item.jd.com/3350778.html,3350778,{"is_add_review":"否"},2019/04/12 06:13:33,5,6fc|ecomm_url_20190413000454_030_51_20190412061333_京东_3350778_7cf3b26ca80c9a020b30ea59eebb8623
京东,飞利浦新安怡 英国品牌 AVENT 宽口径自然顺畅新生儿玻璃奶瓶6oz/160毫升 SCF678/33,很好，愿我的宝贝健康成长！,北***线,https://item.jd.com/5051495.html,5051495,{"is_add_review":"否"},2019/04/12 06:53:18,5,6fc|ecomm_url_20190413000454_030_51_20190412065318_京东_5051495_d295244b10e35653fb772e6301b589b5
京东,飞利浦新安怡 英国品牌 AVENT 宽口径自然质柔型新生儿奶嘴六个月+快流量对装SCF654/23,好用，奶嘴没有异味，一直用这个牌子,jd_冰冰06,https://item.jd.com/3350764.html,3350764,{"is_add_review":"否"},2019/04/12 06:53:51,5,6fc|ecomm_url_20190413000454_030_51_20190412065351_京东_3350764_e2c4c04b47fbe07206e3a148506d7946
京东,飞利浦 新安怡200毫升带手柄吸管杯儿童水杯/宝宝学饮杯红蓝 美国牙医推荐 SCF793/01,还可以。有点重,怎***好,https://item.jd.com/4776366.html,4776366,{"is_add_review":"否"},2019/04/12 07:07:02,5,6fc|ecomm_url_20190413000454_030_51_20190412070702_京东_4776366_7be8f1378d824aeb38014d33ddacb631
京东,飞利浦 新安怡200毫升带手柄吸管杯儿童水杯/宝宝学饮杯红蓝 美国牙医推荐 SCF793/01,很好。。。。。很不错。。。。。很实用。。。?,sunnybird12010,https://item.jd.com/4776366.html,4776366,{"is_add_review":"否"},2019/04/12 07:16:38,5,6fc|ecomm_url_20190413000454_030_51_20190412071638_京东_4776366_7687893842808a9fe695ff7de360ec0d
京东,飞利浦新安怡 英国品牌 AVENT 单边电动手动两用吸乳器/吸奶器 迷你便携款 迷你随行 SCF903/01,的确便捷，对于上班族很好用。手工方式也很好，能挤出很多奶，万一没有电源的时候可以，用来急救。,d***o,https://item.jd.com/6130798.html,6130798,{"is_add_review":"否"},2019/04/12 07:22:16,5,6fc|ecomm_url_20190413000454_030_51_20190412072216_京东_6130798_ca58dbd210a3b5c828fdb7ab93f27cbc
京东,飞利浦新安怡 美国进口 AVENT 全硅胶柔软安抚奶嘴/牙胶0-3个月蓝/绿 一体式设计 SCF194/01,可以，就是外观不大好看，宝宝第一次吸还吓哭了，不过后来就好了,a***0,https://item.jd.com/3887460.html,3887460,{"is_add_review":"否"},2019/04/12 08:00:13,5,6fc|ecomm_url_20190413000454_030_51_20190412080013_京东_3887460_828862e6e0a0568f2d1db0b123318d0d
京东,飞利浦新安怡 英国品牌 AVENT 单边电动手动两用吸乳器/吸奶器 迷你便携款 迷你随行 SCF903/01,用着挺好，应该买两个的,8***5,https://item.jd.com/6130798.html,6130798,{"is_add_review":"否"},2019/04/12 08:06:54,5,6fc|ecomm_url_20190413000454_030_51_20190412080654_京东_6130798_90402e6a25c88c90a6dd7ef2cdedf554
京东,飞利浦新安怡宽口径蓝色小象自然玻璃奶瓶120ml奶嘴0月+,奶瓶漂亮，就是有点贵，质量应该没问题吧！快递哥很辛苦，点个赞,z***9,https://item.jd.com/100002625622.html,100002625622,{"is_add_review":"否"},2019/04/12 08:08:25,5,6fc|ecomm_url_20190413000454_030_51_20190412080825_京东_100002625622_d0a3c78a52b167574f4746daa729a0a7
京东,飞利浦新安怡 英国品牌 AVENT 宽口径自然质柔型新生儿奶嘴六个月+快流量对装SCF654/23,五个月的宝宝，客服建议用3+的，奶嘴，想着搞活动6+的也买了吧，回来试用后发现6+也能用,kimmozheng,https://item.jd.com/3350764.html,3350764,{"is_add_review":"否"},2019/04/12 08:33:39,5,6fc|ecomm_url_20190413000454_030_51_20190412083339_京东_3350764_4b8bb233bd0a03a4816a89816c530663
京东,飞利浦新安怡 英国进口 AVENT 宽口径自然质柔型可调速新生儿奶嘴3个月+对装SCF655/23,五个月的宝宝本来客服是推荐3+的奶嘴，买了6+的，发展也能用，3+的就搁置了,kimmozheng,https://item.jd.com/3021865.html,3021865,{"is_add_review":"否"},2019/04/12 08:34:33,5,6fc|ecomm_url_20190413000454_030_51_20190412083433_京东_3021865_2f307ca60eef93d2dc4aed9ee0f77bdc
京东,飞利浦新安怡 英国品牌 AVENT 宽口径玻璃奶瓶240ml奶嘴1月+SCF679/13自然顺畅240毫升,跟实体店买的一样好,展***龙,https://item.jd.com/2272002.html,2272002,{"is_add_review":"否"},2019/04/12 08:42:58,5,6fc|ecomm_url_20190413000454_030_51_20190412084258_京东_2272002_ecbb27d9fcd7f615214fb949cfbc7030
京东,飞利浦新安怡 英国品牌 AVENT 宽口径自然质柔型新生儿奶嘴六个月+快流量对装SCF654/23,安上刚刚好，官网值得信赖！,哟哟伟,https://item.jd.com/3350764.html,3350764,{"is_add_review":"否"},2019/04/12 08:45:00,5,6fc|ecomm_url_20190413000454_030_51_20190412084500_京东_3350764_7d5dd79224718fe1eaf24889132c5d29
京东,飞利浦新安怡 法国进口 AVENT 宽口径玻璃奶瓶240ml奶嘴1月+ SCF673/13 自然原生240毫升,宝宝的最爱,铭***烛,https://item.jd.com/751340.html,751340,{"is_add_review":"否"},2019/04/12 08:47:33,5,6fc|ecomm_url_20190413000454_030_51_20190412084733_京东_751340_a127b15e9a58eeef4b283395f89e03cf
京东,飞利浦新安怡 法国进口 AVENT 宽口径玻璃奶瓶240ml奶嘴1月+ SCF673/13 自然原生240毫升,玻璃摸上去很光滑，看上去有光泽，清洗方便。,w***x,https://item.jd.com/751340.html,751340,{"is_add_review":"否"},2019/04/12 08:47:34,5,6fc|ecomm_url_20190413000454_030_51_20190412084734_京东_751340_100f22fca6bc277775baf173268bedf0
京东,飞利浦新安怡法国进口 AVENT 宽口径玻璃奶瓶120ml奶嘴0月+ SCF671/13 自然系列120毫升,宝宝的最爱,铭烛,https://item.jd.com/751338.html,751338,{"is_add_review":"否"},2019/04/12 08:47:41,5,6fc|ecomm_url_20190413000454_030_51_20190412084741_京东_751338_adee8566c7c6a063df76dd9ca9adeec6
京东,飞利浦新安怡 英国品牌 AVENT 宽口径自然亲柔型奶嘴新生儿流量对装SCF651/23,宝宝已经习惯这个奶嘴了，出水流量新生宝宝刚刚好可以适应不被呛到,Mandy-LCX,https://item.jd.com/3350756.html,3350756,{"is_add_review":"否"},2019/04/12 08:50:39,5,6fc|ecomm_url_20190413000454_030_51_20190412085039_京东_3350756_9f04337aee5251be2becf0eb5c1772d1
京东,飞利浦新安怡 英国品牌 AVENT 宽口径自然质柔型新生儿奶嘴六个月+快流量对装SCF654/23,做的好的，奶嘴不是很软，宝宝要适应一段时间,jeera,https://item.jd.com/3350764.html,3350764,{"is_add_review":"否"},2019/04/12 08:51:43,5,6fc|ecomm_url_20190413000454_030_51_20190412085143_京东_3350764_89813d6c0b78a0c73f414311c14ff141
京东,飞利浦新安怡 英国品牌 AVENT 宽口径自然亲柔型新生儿奶嘴三个月+中流量对装SCF653/23,做的好的，奶嘴不是很软，宝宝要适应一段时间,jeera,https://item.jd.com/3021861.html,3021861,{"is_add_review":"否"},2019/04/12 08:52:02,5,6fc|ecomm_url_20190413000454_030_51_20190412085202_京东_3021861_4522725c6d3a2f1321fa6a250fbf9c48
京东,飞利浦 新安怡200毫升带手柄吸管杯儿童水杯/宝宝学饮杯红蓝 美国牙医推荐 SCF793/01,宝宝几乎一直用这个，每次活动都会囤一些，性价比高，效果也还不错！！,jd_古道斜,https://item.jd.com/4776366.html,4776366,{"is_add_review":"否"},2019/04/12 09:00:39,5,6fc|ecomm_url_20190413000454_030_51_20190412090039_京东_4776366_dc0760a4d1226b3778d08923cc71ccc7
京东,飞利浦新安怡 法国进口 AVENT 宽口径玻璃奶瓶240ml奶嘴1月+ SCF673/13 自然原生240毫升,太满意了，很实惠，质量很好，推荐,jd_189310rem,https://item.jd.com/751340.html,751340,{"is_add_review":"否"},2019/04/12 09:02:06,5,6fc|ecomm_url_20190413000454_030_51_20190412090206_京东_751340_07a470177a2d77229cd075d6831fc87d
京东,飞利浦新安怡 英国品牌 AVENT 宽口径玻璃奶瓶240ml奶嘴1月+SCF679/13自然顺畅240毫升,应该是好的，不知道能用多久，放在车里备用的。很好。,赤***石,https://item.jd.com/2272002.html,2272002,{"is_add_review":"否"},2019/04/12 09:05:03,5,6fc|ecomm_url_20190413000454_030_51_20190412090503_京东_2272002_807d34725811572c5d7a866b34333fea
京东,飞利浦新安怡 自然系列双边电动吸乳器/吸奶器 卓悦排空 自然韵律科技 SCF303/01新老款随机发货,买了还没用，不知道东西怎么样但是跳水式的价格真的让人太不爽了，请问商家你这样真不怕被骂死么，没有价格底线吗？波动大到让人怀疑东西的真假,j***e,https://item.jd.com/2576004.html,2576004,{"is_add_review":"否"},2019/04/12 09:07:03,1,6fc|ecomm_url_20190413000454_030_51_20190412090703_京东_2576004_ec58d5e8cee370b26a30baf8fb437246
京东,飞利浦新安怡 法国进口 AVENT 宽口径玻璃奶瓶240ml奶嘴1月+ SCF673/13 自然原生240毫升,到货快，玻璃很厚实,jd_dmj999,https://item.jd.com/751340.html,751340,{"is_add_review":"否"},2019/04/12 09:11:03,5,6fc|ecomm_url_20190413000454_030_51_20190412091103_京东_751340_454e1daac6d80223f31f62fd346f2839
京东,飞利浦新安怡 美国进口 AVENT 全硅胶柔软安抚奶嘴/牙胶0-3个月蓝/绿 一体式设计 SCF194/01,本来是想用这个让娃自己睡觉的，给娃吸了两次，吸完就吐奶，太容易进空气了，准备搁置了,jd_迗迗＠＠吢晴,https://item.jd.com/3887460.html,3887460,{"is_add_review":"否"},2019/04/12 09:15:50,5,6fc|ecomm_url_20190413000454_030_51_20190412091550_京东_3887460_2bb67513c32e84ce421af71ab60e9f53
京东,飞利浦新安怡 英国品牌 AVENT 宽口径自然质柔型新生儿奶嘴六个月+快流量对装SCF654/23,都来京东买奶瓶，好用又便宜。小孩子的最爱,1***3,https://item.jd.com/3350764.html,3350764,{"is_add_review":"否"},2019/04/12 09:18:03,5,6fc|ecomm_url_20190413000454_030_51_20190412091803_京东_3350764_0f3fcb8b9671e73153807e7f56ac3f48
京东,飞利浦新安怡 英国进口 AVENT 宽口径自然质柔型新生儿奶嘴六个月+适用于浓稠液体对装SCF656/23,这个y口的估计只适合吃流食，我幺儿吃这个吼不住,vkey123,https://item.jd.com/3021857.html,3021857,{"is_add_review":"否"},2019/04/12 09:26:22,5,6fc|ecomm_url_20190413000454_030_51_20190412092622_京东_3021857_0a65f252fce165cfbd88754ef8ccebea
京东,飞利浦新安怡 英国品牌 AVENT 宽口径玻璃奶瓶240ml奶嘴1月+SCF679/13自然顺畅240毫升,不错呦，还是蛮喜欢的，这个便宜的，一如既往的喜欢哦?，宝宝的最爱,c***3,https://item.jd.com/2272002.html,2272002,{"is_add_review":"否"},2019/04/12 09:26:49,5,6fc|ecomm_url_20190413000454_030_51_20190412092649_京东_2272002_86ad4f1897e561502d832cd06e49dfa1
京东,飞利浦新安怡 英国品牌 AVENT 宽口径自然亲柔型新生儿奶嘴一个月+慢流量对装SCF652/23,挺结实的，送货快，值得购买,p***g,https://item.jd.com/3350778.html,3350778,{"is_add_review":"否"},2019/04/12 09:29:54,5,6fc|ecomm_url_20190413000454_030_51_20190412092954_京东_3350778_67ed6c2dddc54a7e2e6eebcfaa5bbc4f
京东,飞利浦新安怡 英国品牌 AVENT 宽口径自然亲柔型新生儿奶嘴三个月+中流量对装SCF653/23,挺结实的，送货快，值得购买,p***g,https://item.jd.com/3021861.html,3021861,{"is_add_review":"否"},2019/04/12 09:30:00,5,6fc|ecomm_url_20190413000454_030_51_20190412093000_京东_3021861_dc459c6d459e025c22f8958acfde19d1
京东,飞利浦 新安怡200毫升带手柄吸管杯儿童水杯/宝宝学饮杯红蓝 美国牙医推荐 SCF793/01,宝宝喜欢，蛮不错。,t***0,https://item.jd.com/4776366.html,4776366,{"is_add_review":"否"},2019/04/12 09:33:16,5,6fc|ecomm_url_20190413000454_030_51_20190412093316_京东_4776366_ac8b846d54064d495972a611cc1863c4
京东,,很好用。,1***p,https://item.jd.com/5479831.html,5479831,{"is_add_review":"否"},2019/04/12 09:39:14,5,6fc|ecomm_url_20190413000454_030_51_20190412093914_京东_5479831_ca988c66fa814fc48b8da8673b2ac349
京东,飞利浦新安怡 英国品牌 AVENT 宽口径自然亲柔型奶嘴新生儿特小流量对装SCF657/23,很好，物流很快！ 跟原装功能一样的哦！,yanzinizi,https://item.jd.com/3350760.html,3350760,{"is_add_review":"否"},2019/04/12 09:41:53,5,6fc|ecomm_url_20190413000454_030_51_20190412094153_京东_3350760_71a54033dfc3bd9f963f447f1697f0ba
京东,飞利浦新安怡 英国品牌 AVENT 宽口径玻璃奶瓶125ml+240ml新生儿套装 SCF679/53自然顺畅,感觉就是个普通玻璃奶瓶价位有点贵,l***8,https://item.jd.com/2272004.html,2272004,{"is_add_review":"否"},2019/04/12 09:48:26,4,6fc|ecomm_url_20190413000454_030_51_20190412094826_京东_2272004_cf45fa4f1f322ac8d1559de18724c8b1
京东,飞利浦新安怡 英国品牌 AVENT 宽口径玻璃奶瓶125ml+240ml新生儿套装 SCF679/53自然顺畅,感觉很好不错，囤货中，昨天买101，今天就恢复139了 ?,s***1,https://item.jd.com/2272004.html,2272004,{"is_add_review":"否"},2019/04/12 09:49:01,5,6fc|ecomm_url_20190413000454_030_51_20190412094901_京东_2272004_88513a14a3a538e97a160710b34a206e
京东,飞利浦新安怡 英国品牌 AVENT 宽口径自然顺畅新生儿玻璃奶瓶6oz/160毫升 SCF678/33,挺好用的,j***u,https://item.jd.com/5051495.html,5051495,{"is_add_review":"否"},2019/04/12 09:52:28,5,6fc|ecomm_url_20190413000454_030_51_20190412095228_京东_5051495_1325b43c76d2b0cd1feacb21eb2e47e8
京东,飞利浦新安怡 英国品牌 AVENT 宽口径玻璃奶瓶125ml+240ml新生儿套装 SCF679/53自然顺畅,之前看了很多牌子的奶瓶，最后朋友介绍，所以买的这个品牌，因为家里俩娃，所以买了两套，外观很漂亮，手感很棒，感觉很不错，物流很快很负责,午夜爽歪歪,https://item.jd.com/2272004.html,2272004,{"is_add_review":"否"},2019/04/12 09:54:28,5,6fc|ecomm_url_20190413000454_030_51_20190412095428_京东_2272004_6a1fb5a5c9e5d58765b6fb7bdc241216
京东,飞利浦新安怡 英国进口 AVENT 宽口径自然质柔型新生儿奶嘴六个月+适用于浓稠液体对装SCF656/23,懒得拍照，一直用这家的商品。,訫***楊,https://item.jd.com/3021857.html,3021857,{"is_add_review":"否"},2019/04/12 09:57:19,5,6fc|ecomm_url_20190413000454_030_51_20190412095719_京东_3021857_1f1eb74fa0a3f1862f58adc5892abc5c
京东,飞利浦新安怡 英国品牌 AVENT 宽口径玻璃奶瓶125ml+240ml新生儿套装 SCF679/53自然顺畅,大品牌值得信赖，没想到还有赠品，很意外，而且赠品也不是那种次货，很开心的购物,z***n,https://item.jd.com/2272004.html,2272004,{"is_add_review":"否"},2019/04/12 10:01:35,5,6fc|ecomm_url_20190413000454_030_51_20190412100135_京东_2272004_eb7e3d6fc416a8cb7c1a4026f2cde2f6
京东,飞利浦新安怡 英国品牌 AVENT 宽口径自然亲柔型新生儿奶嘴一个月+慢流量对装SCF652/23,一直都在京东上面买日用品，多次购买，大宝以前一直在用，产品一如既往的好用，客服人员耐心、回答详实，且送货快速，点赞！！！,c***6,https://item.jd.com/3350778.html,3350778,{"is_add_review":"否"},2019/04/12 10:05:49,5,6fc|ecomm_url_20190413000454_030_51_20190412100549_京东_3350778_9bfa642db66d3d18e025a8a5a55d6677
京东,飞利浦新安怡 英国进口 AVENT 宽口径自然质柔型新生儿奶嘴六个月+适用于浓稠液体对装SCF656/23,一直用来这个牌子的奶嘴，质量比贝亲强多了,c***7,https://item.jd.com/3021857.html,3021857,{"is_add_review":"否"},2019/04/12 10:06:31,5,6fc|ecomm_url_20190413000454_030_51_20190412100631_京东_3021857_0d9c510c600ac3d38e8754e3dc3f2beb
京东,飞利浦新安怡 美国进口 AVENT 全硅胶柔软安抚奶嘴/牙胶0-3个月蓝/绿 一体式设计 SCF194/01,得力(deli)双电源电脑按键计算器 12位大屏横式计算机 财务及银行人员适用 白色2135,4***1,https://item.jd.com/3887460.html,3887460,{"is_add_review":"否"},2019/04/12 10:06:44,5,6fc|ecomm_url_20190413000454_030_51_20190412100644_京东_3887460_16322db23005334915d6fe2860a51c55
京东,飞利浦新安怡 英国进口 AVENT 宽口径自然质柔型新生儿奶嘴六个月+适用于浓稠液体对装SCF656/23,正好符合,苍天有井自然空,https://item.jd.com/3021857.html,3021857,{"is_add_review":"否"},2019/04/12 10:07:08,5,6fc|ecomm_url_20190413000454_030_51_20190412100708_京东_3021857_923cab936f50d7a37c3f83752919c3d6
京东,飞利浦 新安怡200毫升带手柄吸管杯儿童水杯/宝宝学饮杯红蓝 美国牙医推荐 SCF793/01,原来用的白色的，突然换成这么艳丽的颜色，一开始宝宝接受不了。后来就习惯了。吸嘴偏短了，再长一点会更好。原来用的白色的，突然换成这么艳丽的颜色，一开始宝宝接受不了。后来就习惯了。吸嘴偏短了，再长一点会更好。原来用的白色的，突然换成这么艳丽的颜色，一开始宝宝接受不了。后来就习惯了。吸嘴偏短了，再长一点会更好。,家***佳,https://item.jd.com/4776366.html,4776366,{"is_add_review":"否"},2019/04/12 10:09:03,5,6fc|ecomm_url_20190413000454_030_51_20190412100903_京东_4776366_df08bb0e964f7fe7c63cac7123cdc07d
京东,飞利浦新安怡 英国品牌 AVENT 宽口径自然质柔型新生儿奶嘴六个月+快流量对装SCF654/23,到货快。,jd136*****586,https://item.jd.com/3350764.html,3350764,{"is_add_review":"否"},2019/04/12 10:13:35,5,6fc|ecomm_url_20190413000454_030_51_20190412101335_京东_3350764_de0626fc8628f2dc832b840f7648fd92
京东,飞利浦 新安怡（AVENT）全硅胶柔软安抚奶嘴/牙胶（3个月+）蓝/绿对装 一体式设计 SCF194/04,感觉还不错，不过宝宝不爱吸,jd漂流瓶198,https://item.jd.com/5132908.html,5132908,{"is_add_review":"否"},2019/04/12 10:15:51,5,6fc|ecomm_url_20190413000454_030_51_20190412101551_京东_5132908_22fa59699a07d48abe36a6eab0d079e7
京东,飞利浦新安怡 法国进口 AVENT 宽口径玻璃奶瓶240ml奶嘴1月+ SCF673/13 自然原生240毫升,之前用的摔碎了！买个新的，活动也挺划算。透明度高，看起来不错,x***n,https://item.jd.com/751340.html,751340,{"is_add_review":"否"},2019/04/12 10:16:24,5,6fc|ecomm_url_20190413000454_030_51_20190412101624_京东_751340_3dd64f99e1c89ca3694959b12ca74789
京东,飞利浦新安怡 英国品牌 AVENT 宽口径自然质柔型新生儿奶嘴六个月+快流量对装SCF654/23,第二次买了，宝宝用的真心好活动买合适,jd_139333pgm,https://item.jd.com/3350764.html,3350764,{"is_add_review":"否"},2019/04/12 10:17:03,5,6fc|ecomm_url_20190413000454_030_51_20190412101703_京东_3350764_2978cb8a13d1e247e8dd0be30f7fd252
京东,飞利浦 新安怡200毫升带手柄吸管杯儿童水杯/宝宝学饮杯红蓝 美国牙医推荐 SCF793/01,造型独特，设计灵感，可靠耐用，好评,鼎***技,https://item.jd.com/4776366.html,4776366,{"is_add_review":"否"},2019/04/12 10:28:58,5,6fc|ecomm_url_20190413000454_030_51_20190412102858_京东_4776366_25d859a21dc8e95214c61c09923c532f
京东,飞利浦新安怡 英国品牌 AVENT 宽口径自然质柔型新生儿奶嘴六个月+快流量对装SCF654/23,很好,jd_139402biv,https://item.jd.com/3350764.html,3350764,{"is_add_review":"否"},2019/04/12 10:31:39,5,6fc|ecomm_url_20190413000454_030_51_20190412103139_京东_3350764_aa36757c906f338c6eb903f906b5e825
京东,飞利浦新安怡 英国进口 AVENT 宽口径自然质柔型新生儿奶嘴六个月+适用于浓稠液体对装SCF656/23,很好，值得购买,恋上567,https://item.jd.com/3021857.html,3021857,{"is_add_review":"否"},2019/04/12 10:40:59,5,6fc|ecomm_url_20190413000454_030_51_20190412104059_京东_3021857_82e8f406dcbdd50f5bf6447e49c53368
京东,飞利浦新安怡 英国进口 AVENT 马卡龙卡通安抚奶嘴（0-6个月）粉色对装 亲肤质地 SCF223/20,娃两个月不肯吃，放进去就吐出来,we_mingjing,https://item.jd.com/5279818.html,5279818,{"is_add_review":"否"},2019/04/12 10:45:32,4,6fc|ecomm_url_20190413000454_030_51_20190412104532_京东_5279818_1aba2e66ca8ca9d7e328844e45fdfc52
京东,飞利浦新安怡 英国品牌 AVENT 宽口径玻璃奶瓶125ml+240ml新生儿套装 SCF679/53自然顺畅,说实话 不是很满意 包装有破损 打开后大的奶瓶口上有根头发 先不说产品好赖 一看到这些 顿时就心情不好 懒得退货了。希望下次注意，不要辜负我对京东的信任,张***n,https://item.jd.com/2272004.html,2272004,{"is_add_review":"否"},2019/04/12 10:48:41,5,6fc|ecomm_url_20190413000454_030_51_20190412104841_京东_2272004_121640db8bde608d0952d65897936d2d
京东,飞利浦新安怡 英国品牌 AVENT 宽口径玻璃奶瓶125ml+240ml新生儿套装 SCF679/53自然顺畅,已经第二次购买了，像是玻璃的，第一次买的碎掉了，很实用。下次还会光顾的,j***n,https://item.jd.com/2272004.html,2272004,{"is_add_review":"否"},2019/04/12 11:03:36,5,6fc|ecomm_url_20190413000454_030_51_20190412110336_京东_2272004_7d9e5dbe1410553f4d774ad6238179ea
京东,飞利浦新安怡 英国品牌 AVENT 宽口径玻璃奶瓶125ml+240ml新生儿套装 SCF679/53自然顺畅,看着挺好的,小***1,https://item.jd.com/2272004.html,2272004,{"is_add_review":"否"},2019/04/12 11:08:34,5,6fc|ecomm_url_20190413000454_030_51_20190412110834_京东_2272004_24ccf6661f4e6e89281c77533d63e713
京东,飞利浦新安怡 英国进口 AVENT 马卡龙卡通安抚奶嘴（0-6个月）粉色对装 亲肤质地 SCF223/20,京东商城购物，买的放心，优惠多，配送超快。,0***芳,https://item.jd.com/5279818.html,5279818,{"is_add_review":"否"},2019/04/12 11:08:45,5,6fc|ecomm_url_20190413000454_030_51_20190412110845_京东_5279818_0e9fd10e2a3396547864ad80563fed40
京东,飞利浦新安怡 英国品牌 AVENT 宽口径自然顺畅新生儿玻璃奶瓶6oz/160毫升 SCF678/33,给二宝囤的，感觉挺满意,季宜妈妈,https://item.jd.com/5051495.html,5051495,{"is_add_review":"否"},2019/04/12 11:09:12,5,6fc|ecomm_url_20190413000454_030_51_20190412110912_京东_5051495_7bc86d21bc4c319fc4608e1287b17927
京东,飞利浦 新安怡（AVENT）全硅胶柔软安抚奶嘴/牙胶（3个月+）蓝/绿对装 一体式设计 SCF194/04,看包装才给的五星，回家拆开一看发现不是安抚奶嘴，很硬宝宝根本就不吃，哪有这样的安抚奶嘴。给一百个差评，请商家不要再用产品名称误导消费者。,jd_341514821,https://item.jd.com/5132908.html,5132908,{"is_add_review":"是"},2019/04/12 18:03:02,5,6fc|ecomm_url_20190413000454_030_51_20190412111159_京东_5132908_602eef57cea4495f81802fb9f15bed83
京东,飞利浦新安怡 美国进口 AVENT 全硅胶柔软安抚奶嘴/牙胶0-3个月蓝/绿 一体式设计 SCF194/01,快递小哥必须五星好评，下雨天都给送的村里面的家里来了，太给力了,丹***龙,https://item.jd.com/3887460.html,3887460,{"is_add_review":"否"},2019/04/12 11:12:21,5,6fc|ecomm_url_20190413000454_030_51_20190412111221_京东_3887460_2bf08bf593deb37e284349925f80f656
京东,飞利浦新安怡 英国进口 AVENT 宽口径自然质柔型可调速新生儿奶嘴3个月+对装SCF655/23,好用，活动的时候买的奶瓶不贵，奶嘴有点小贵,jd182567wib,https://item.jd.com/3021865.html,3021865,{"is_add_review":"否"},2019/04/12 11:16:24,5,6fc|ecomm_url_20190413000454_030_51_20190412111624_京东_3021865_f25cee10de866c175d7eb2bd1fd37487
京东,飞利浦新安怡 英国进口 AVENT 宽口径自然质柔型可调速新生儿奶嘴3个月+对装SCF655/23,可调节，比较方。但是宝宝不喜欢吃奶瓶～,W***1,https://item.jd.com/3021865.html,3021865,{"is_add_review":"否"},2019/04/12 11:28:45,5,6fc|ecomm_url_20190413000454_030_51_20190412112845_京东_3021865_9b5311266c37f50d4a06d91db96596c5
京东,飞利浦新安怡 法国进口 AVENT 宽口径玻璃奶瓶240ml奶嘴1月+ SCF673/13 自然原生240毫升,好用，送货快，服务好，相信京东,M***0,https://item.jd.com/751340.html,751340,{"is_add_review":"否"},2019/04/12 11:29:56,5,6fc|ecomm_url_20190413000454_030_51_20190412112956_京东_751340_fb993bcd9e56d8111c739ed04b1393ea
京东,飞利浦新安怡法国进口 AVENT 宽口径玻璃奶瓶120ml奶嘴0月+ SCF671/13 自然系列120毫升,这个牌子的奶瓶质量很好，有次掉在木地板上都没有摔碎，等宝贝这个容量的喝不了了，再买这个牌子的大一点容量的,樊***3,https://item.jd.com/751338.html,751338,{"is_add_review":"否"},2019/04/12 11:30:35,5,6fc|ecomm_url_20190413000454_030_51_20190412113035_京东_751338_b0fab31ad241168243a319a0006e4a8f
京东,飞利浦新安怡 英国品牌 AVENT 宽口径自然质柔型新生儿奶嘴六个月+快流量对装SCF654/23,很好,jd_2437602,https://item.jd.com/3350764.html,3350764,{"is_add_review":"否"},2019/04/12 11:33:42,5,6fc|ecomm_url_20190413000454_030_51_20190412113342_京东_3350764_e9fc071f5a91bb0662d4fe0c1ac5f520
京东,飞利浦 新安怡200毫升卡通吸管杯儿童水杯/宝宝学饮杯（梦幻紫）美国牙医推荐 SCF793/02,买来预备，宝宝大了要乱摔东西。,jd_139683aos,https://item.jd.com/4776368.html,4776368,{"is_add_review":"否"},2019/04/12 11:45:44,5,6fc|ecomm_url_20190413000454_030_51_20190412114544_京东_4776368_76bd4fcbf2267474c39f5eb34e5712b0
京东,飞利浦新安怡法国进口 AVENT 宽口径玻璃奶瓶120ml奶嘴0月+ SCF671/13 自然系列120毫升,价格有点贵。。。。。,w***8,https://item.jd.com/751338.html,751338,{"is_add_review":"否"},2019/04/12 11:49:21,5,6fc|ecomm_url_20190413000454_030_51_20190412114921_京东_751338_0833fe2adb75563212ceae6526cfea77
京东,飞利浦新安怡 英国品牌 AVENT 宽口径玻璃奶瓶125ml+240ml新生儿套装 SCF679/53自然顺畅,不错，挺好的，宝宝用着，胀气明显少了,公***朵,https://item.jd.com/2272004.html,2272004,{"is_add_review":"否"},2019/04/12 11:51:15,5,6fc|ecomm_url_20190413000454_030_51_20190412115115_京东_2272004_53cee3d9d41150812a59e2b5b732ea87
京东,飞利浦 新安怡（AVENT）全硅胶柔软安抚奶嘴/牙胶（3个月+）蓝/绿对装 一体式设计 SCF194/04,已经多次购买，质量非常好，物流很给力。,159*****562,https://item.jd.com/5132908.html,5132908,{"is_add_review":"否"},2019/04/12 11:51:29,5,6fc|ecomm_url_20190413000454_030_51_20190412115129_京东_5132908_1a3091b264eee9ab875ae6d311ee7bbe
京东,飞利浦新安怡 英国品牌 AVENT 宽口径玻璃奶瓶125ml+240ml新生儿套装 SCF679/53自然顺畅,被坑了 没有给我使用***,j***0,https://item.jd.com/2272004.html,2272004,{"is_add_review":"否"},2019/04/12 11:52:19,5,6fc|ecomm_url_20190413000454_030_51_20190412115219_京东_2272004_031a01e4cfd15c6b8b6282f34bbb8884
京东,飞利浦新安怡法国进口 AVENT 宽口径玻璃奶瓶120ml奶嘴0月+ SCF671/13 自然系列120毫升,很好，奶瓶很好，很喜欢,jd_139628nig,https://item.jd.com/751338.html,751338,{"is_add_review":"否"},2019/04/12 11:52:44,5,6fc|ecomm_url_20190413000454_030_51_20190412115244_京东_751338_48e286e3c64e539399c1a83463b0d1b1
京东,飞利浦新安怡 法国进口 AVENT 宽口径玻璃奶瓶240ml奶嘴1月+ SCF673/13 自然原生240毫升,配送员很好，很热情，很喜欢这款商品。,jd_139628nig,https://item.jd.com/751340.html,751340,{"is_add_review":"否"},2019/04/12 11:53:32,5,6fc|ecomm_url_20190413000454_030_51_20190412115332_京东_751340_3a981251e57be67cb4abb435b4859379
京东,飞利浦 新安怡（AVENT）全硅胶柔软安抚奶嘴/牙胶（3个月+）蓝/绿对装 一体式设计 SCF194/04,已经多次购买，质量非常好，物流很给力。,159*****562,https://item.jd.com/5132908.html,5132908,{"is_add_review":"否"},2019/04/12 11:53:54,5,6fc|ecomm_url_20190413000454_030_51_20190412115354_京东_5132908_6abf36e6df1c571131652adf19befe5f
京东,飞利浦 新安怡（AVENT）全硅胶柔软安抚奶嘴/牙胶（3个月+）蓝/绿对装 一体式设计 SCF194/04,已经多次购买，质量非常好，物流很给力。,159*****562,https://item.jd.com/5132908.html,5132908,{"is_add_review":"否"},2019/04/12 11:57:23,5,6fc|ecomm_url_20190413000454_030_51_20190412115723_京东_5132908_aaaa08eecaf96163142db54587047538
京东,飞利浦新安怡 英国品牌 自然系列单边电动吸乳器/吸奶器 排空乳房 自然韵律科技 SCF301/01新老款随机发货,太@了，价格忽高忽低，实在不清楚商品到底值多少钱，,j***4,https://item.jd.com/2908574.html,2908574,{"is_add_review":"否"},2019/04/12 12:06:45,1,6fc|ecomm_url_20190413000454_030_51_20190412120645_京东_2908574_0da2b67e7c6476a6a223a0905736183b
京东,飞利浦新安怡 英国品牌 AVENT 宽口径玻璃奶瓶240ml奶嘴1月+SCF679/13自然顺畅240毫升,很喜欢，就是太烫手,嘟嘟宝贝125220,https://item.jd.com/2272002.html,2272002,{"is_add_review":"否"},2019/04/12 12:12:50,5,6fc|ecomm_url_20190413000454_030_51_20190412121250_京东_2272002_f80f0d344b4d434022b8aaf330800160
京东,飞利浦新安怡 美国进口 AVENT 全硅胶柔软安抚奶嘴/牙胶0-3个月蓝/绿 一体式设计 SCF194/01,收到的奶嘴是2017年生产的，也就是说库存货。还有这个奶嘴会碰到鼻子，应该属于改良前的款式。建议宝妈不要贪便宜买这款，,群***4,https://item.jd.com/3887460.html,3887460,{"is_add_review":"否"},2019/04/12 12:14:13,5,6fc|ecomm_url_20190413000454_030_51_20190412121413_京东_3887460_d3087e94f2abedd5f6ee58a156bc8a23
京东,飞利浦新安怡 英国品牌 AVENT 宽口径自然质柔型新生儿奶嘴六个月+快流量对装SCF654/23,从崽崽出生一直用得新安怡的奶瓶和奶嘴，挺好的，崽崽也喜欢，满意,琳***9,https://item.jd.com/3350764.html,3350764,{"is_add_review":"否"},2019/04/12 12:20:23,5,6fc|ecomm_url_20190413000454_030_51_20190412122023_京东_3350764_39392ca6832ab2151bd7621e558a450b
京东,飞利浦新安怡 英国品牌 AVENT 宽口径自然亲柔型新生儿奶嘴一个月+慢流量对装SCF652/23,宝宝一直用新安怡的，都三岁了，,jd_178686ieu,https://item.jd.com/3350778.html,3350778,{"is_add_review":"否"},2019/04/12 12:24:06,5,6fc|ecomm_url_20190413000454_030_51_20190412122406_京东_3350778_8c6ed00850af26bd7e9b38b151b22233
京东,飞利浦新安怡 美国进口 AVENT 全硅胶柔软安抚奶嘴/牙胶0-3个月粉/紫 一体式设计 SCF194/02,还行 只是宝宝太小了不会吃 一吃就掉,zL百合花,https://item.jd.com/3457205.html,3457205,{"is_add_review":"否"},2019/04/12 12:31:47,5,6fc|ecomm_url_20190413000454_030_51_20190412123147_京东_3457205_42d3b1784b9febe43ec6c88e935baa13
京东,飞利浦新安怡 英国品牌 AVENT 宽口径自然质柔型新生儿奶嘴六个月+快流量对装SCF654/23,我买的奶嘴，给我发的这是什么东西，不帮助解决问题，还推卸责任，态度还那么差，京东购物越来越失望,名字够长够霸气,https://item.jd.com/3350764.html,3350764,{"is_add_review":"否"},2019/04/12 12:46:15,1,6fc|ecomm_url_20190413000454_030_51_20190412124615_京东_3350764_ba8962ae5c2b34ef3e858c3a97478487
京东,飞利浦新安怡 美国进口 AVENT 全硅胶柔软安抚奶嘴/牙胶0-3个月粉/紫 一体式设计 SCF194/02,好用不贵，适合宝宝，好评好评。,j***2,https://item.jd.com/3457205.html,3457205,{"is_add_review":"否"},2019/04/12 12:50:27,5,6fc|ecomm_url_20190413000454_030_51_20190412125027_京东_3457205_9a9f1462c767177e0ce8a3dc4949f420
京东,飞利浦新安怡 美国进口 AVENT 全硅胶柔软安抚奶嘴/牙胶0-3个月蓝/绿 一体式设计 SCF194/01,由于经常网购总有大量的包裹要收，感觉写评语花掉了我大量的时间和精力，所以在一-段时间里，我总是不去评价或者随便写写!但是，我又觉得有点对不住那些辛苦工作的卖家客服、仓管、老板。于是我写下了一小段话，给我觉得能拿到五星好评的宝贝进行评价，以示感谢和尊敬!首先，宝贝是性价比很高的，我每次都会先试用再评价的，虽然宝贝不一定是最好的，但在同等的价位里面绝对是表现最棒的。京东的配送绝对是一流的，送货速度快，配送员服务态度好，每样东西都是送货上门。希望京东再接再厉做得更大更强。,褚***世,https://item.jd.com/3887460.html,3887460,{"is_add_review":"否"},2019/04/12 12:55:57,5,6fc|ecomm_url_20190413000454_030_51_20190412125557_京东_3887460_a94fb450efa240b443d722160f017e0c
京东,飞利浦新安怡 英国进口 AVENT 宽口径自然质柔型新生儿奶嘴六个月+适用于浓稠液体对装SCF656/23,BB长大换奶嘴、这牌子有点贵,无***9,https://item.jd.com/3021857.html,3021857,{"is_add_review":"否"},2019/04/12 12:58:09,4,6fc|ecomm_url_20190413000454_030_51_20190412125809_京东_3021857_fcdf0f1dbb30ef4490940e3c607a8391
京东,飞利浦新安怡 英国品牌 AVENT 宽口径玻璃奶瓶125ml+240ml新生儿套装 SCF679/53自然顺畅,大品牌确实比较好，但是感觉奶瓶盖大了一点，拿在手里稍微松了一点点，但是不影响使用。,jd_133410nwd,https://item.jd.com/2272004.html,2272004,{"is_add_review":"否"},2019/04/12 13:06:30,5,6fc|ecomm_url_20190413000454_030_51_20190412130630_京东_2272004_3e54052aa7405ed609d764cb5c0a7301
京东,飞利浦新安怡 英国品牌 AVENT 宽口径玻璃奶瓶125ml+240ml新生儿套装 SCF679/53自然顺畅,很不错,j***b,https://item.jd.com/2272004.html,2272004,{"is_add_review":"否"},2019/04/12 13:14:33,5,6fc|ecomm_url_20190413000454_030_51_20190412131433_京东_2272004_f35ae20f2d344072a9a44ea29fc42d56
京东,飞利浦新安怡 英国品牌 AVENT 宽口径玻璃奶瓶125ml+240ml新生儿套装 SCF679/53自然顺畅,好尴尬。。。好好好。。。。,7***磊,https://item.jd.com/2272004.html,2272004,{"is_add_review":"否"},2019/04/12 13:21:13,5,6fc|ecomm_url_20190413000454_030_51_20190412132113_京东_2272004_f2efbdbc3d7cf21a5ea1e32a6d8ba6a0
京东,飞利浦新安怡 英国品牌 AVENT 宽口径自然质柔型新生儿奶嘴六个月+快流量对装SCF654/23,不错,jd_147800djq,https://item.jd.com/3350764.html,3350764,{"is_add_review":"否"},2019/04/12 13:25:38,5,6fc|ecomm_url_20190413000454_030_51_20190412132538_京东_3350764_6b6b6af826bd3e6c1b70cdba4577b37d
京东,飞利浦 新安怡200毫升带手柄吸管杯儿童水杯/宝宝学饮杯红蓝 美国牙医推荐 SCF793/01,孩子非常喜欢，质量非常好！,老***卡,https://item.jd.com/4776366.html,4776366,{"is_add_review":"否"},2019/04/12 13:36:30,5,6fc|ecomm_url_20190413000454_030_51_20190412133630_京东_4776366_ec3c33a1e5a033c8903d69e9b03c315b
京东,飞利浦新安怡 自然系列双边电动吸乳器/吸奶器 卓悦排空 自然韵律科技 SCF303/01新老款随机发货,物流很快，买了很多新安怡的，全套都是，喜欢，希望到时候母乳够够的,j***T,https://item.jd.com/2576004.html,2576004,{"is_add_review":"否"},2019/04/12 13:37:26,5,6fc|ecomm_url_20190413000454_030_51_20190412133726_京东_2576004_ffb3a9089e71b7bd076ac36fb0f6bf08
京东,,奶瓶还行，物流很给力，快递小哥服务很好，送货到家！！！,j***j,https://item.jd.com/5479831.html,5479831,{"is_add_review":"否"},2019/04/12 13:42:25,5,6fc|ecomm_url_20190413000454_030_51_20190412134225_京东_5479831_203aa6066514c723d7a610a5766f844d
京东,飞利浦新安怡 美国进口 AVENT 全硅胶柔软安抚奶嘴/牙胶0-3个月蓝/绿 一体式设计 SCF194/01,东西不错，物流给力。支持京东。,m***o,https://item.jd.com/3887460.html,3887460,{"is_add_review":"否"},2019/04/12 13:43:41,5,6fc|ecomm_url_20190413000454_030_51_20190412134341_京东_3887460_7134ff956525dee464472f149e3802b0
京东,飞利浦新安怡 法国进口 AVENT 宽口径玻璃奶瓶240ml奶嘴1月+ SCF673/13 自然原生240毫升,第三个新安怡奶瓶了，很喜欢，质量很好。,郑***4,https://item.jd.com/751340.html,751340,{"is_add_review":"否"},2019/04/12 13:44:07,5,6fc|ecomm_url_20190413000454_030_51_20190412134407_京东_751340_cdb8c1862b32692a44e763a7abe0f8ee
京东,飞利浦新安怡 英国品牌 AVENT 宽口径玻璃奶瓶240ml奶嘴1月+SCF679/13自然顺畅240毫升,宝贝是正品，卖家服务很好，客服服务也不错，物流速度也很快，配送小哥服务也不错,MRY-2019,https://item.jd.com/2272002.html,2272002,{"is_add_review":"否"},2019/04/12 13:56:38,5,6fc|ecomm_url_20190413000454_030_51_20190412135638_京东_2272002_c45f903c09fd537614ca748259325e4d
京东,飞利浦新安怡 英国品牌 AVENT 宽口径玻璃奶瓶125ml+240ml新生儿套装 SCF679/53自然顺畅,奶瓶不错，不会炸开，奶嘴是硅胶，没有味道，值得购买，下次还会再来。,jd_138157aas,https://item.jd.com/2272004.html,2272004,{"is_add_review":"否"},2019/04/12 14:00:23,5,6fc|ecomm_url_20190413000454_030_51_20190412140023_京东_2272004_69c42bb61a7e57abcec9fd3ff0168d1b
京东,飞利浦 新安怡200毫升带手柄吸管杯儿童水杯/宝宝学饮杯红蓝 美国牙医推荐 SCF793/01,感觉还可以试试，活动的时候买的,q***6,https://item.jd.com/4776366.html,4776366,{"is_add_review":"否"},2019/04/12 14:01:14,5,6fc|ecomm_url_20190413000454_030_51_20190412140114_京东_4776366_58b6371b69f43c6173cfaba8644a46e2
京东,飞利浦新安怡 英国品牌 AVENT 宽口径玻璃奶瓶125ml+240ml新生儿套装 SCF679/53自然顺畅,奶瓶收到了就是不知道好不好用。先备着,j***7,https://item.jd.com/2272004.html,2272004,{"is_add_review":"否"},2019/04/12 14:18:46,5,6fc|ecomm_url_20190413000454_030_51_20190412141846_京东_2272004_1443144aa09c0275dd1cbdeaf1516126
京东,飞利浦新安怡 英国进口 AVENT 宽口径自然质柔型新生儿奶嘴六个月+适用于浓稠液体对装SCF656/23,买东西一直都是信赖京东，小孩从小到大的东西都是在这里买的,快去买买买,https://item.jd.com/3021857.html,3021857,{"is_add_review":"否"},2019/04/12 14:23:31,5,6fc|ecomm_url_20190413000454_030_51_20190412142331_京东_3021857_cfc128b74d7da0681d6178d174f63ff6
京东,飞利浦新安怡 英国进口 AVENT 宽口径自然质柔型新生儿奶嘴六个月+适用于浓稠液体对装SCF656/23,来的时候包装全散架了,老魔剑士,https://item.jd.com/3021857.html,3021857,{"is_add_review":"否"},2019/04/12 14:29:36,5,6fc|ecomm_url_20190413000454_030_51_20190412142936_京东_3021857_d5d0c14bc42c88d5ff24f750562ab77f
京东,飞利浦新安怡 法国进口 AVENT 宽口径玻璃奶瓶240ml奶嘴1月+ SCF673/13 自然原生240毫升,一分给快递，这店都想给负分，买这奶瓶的宝妈宝爸们注意了，**奶嘴和瓶盖接口漏水严重，我也是醉了，换了一个也是这样的，在医院小孩子用的时候漏奶好尴尬的，**又浪费时间去实体店买,l***9,https://item.jd.com/751340.html,751340,{"is_add_review":"否"},2019/04/12 14:29:59,1,6fc|ecomm_url_20190413000454_030_51_20190412142959_京东_751340_bfc9d1d7be8fc2a4d2f3304939669ef0
京东,飞利浦新安怡 英国品牌 AVENT 宽口径自然亲柔型新生儿奶嘴一个月+慢流量对装SCF652/23,很有触感,05HAINING,https://item.jd.com/3350778.html,3350778,{"is_add_review":"否"},2019/04/12 14:30:10,5,6fc|ecomm_url_20190413000454_030_51_20190412143010_京东_3350778_720b955b6c4ac1a43a08902dba07ea03
京东,飞利浦新安怡法国进口 AVENT 宽口径玻璃奶瓶120ml奶嘴0月+ SCF671/13 自然系列120毫升,漏奶严重，换了一个还是漏奶，**你不会试了后在发货啊。真不知道质量是怎么过关的，快递一直不错，商家太黑，大家注意了,l***9,https://item.jd.com/751338.html,751338,{"is_add_review":"否"},2019/04/12 14:33:27,1,6fc|ecomm_url_20190413000454_030_51_20190412143327_京东_751338_ff0e03f0cbbf8cb3218037427b629350
京东,飞利浦新安怡 英国品牌 AVENT 宽口径自然亲柔型奶嘴新生儿特小流量对装SCF657/23,看评论都说这个牌子的玻璃奶瓶好，先买了玻璃奶瓶，怕奶嘴大了呛奶又买了这个奶嘴，希望到时好用,易颗昕,https://item.jd.com/3350760.html,3350760,{"is_add_review":"否"},2019/04/12 14:50:48,5,6fc|ecomm_url_20190413000454_030_51_20190412145048_京东_3350760_fa869a3b5a8874765a7741b79ed36d55
京东,飞利浦新安怡 英国品牌 AVENT 单边电动手动两用吸乳器/吸奶器 迷你便携款 迷你随行 SCF903/01,之前看过评价，飞利浦质量保证，先囤货，希望好用,jd_黄梅小石,https://item.jd.com/6130798.html,6130798,{"is_add_review":"否"},2019/04/12 14:58:07,5,6fc|ecomm_url_20190413000454_030_51_20190412145807_京东_6130798_6c50b07ac4643c33b97d19c156ea2c83
京东,飞利浦新安怡 英国进口 AVENT 宽口径自然质柔型新生儿奶嘴六个月+适用于浓稠液体对装SCF656/23,好用，下次一定还会继续购买！,jd_XYQ_01,https://item.jd.com/3021857.html,3021857,{"is_add_review":"否"},2019/04/12 15:07:52,5,6fc|ecomm_url_20190413000454_030_51_20190412150752_京东_3021857_8633ba22d15b7ef22ca8b8e097137be0
京东,飞利浦新安怡 英国品牌 AVENT 宽口径自然质柔型新生儿奶嘴六个月+快流量对装SCF654/23,这个快递员不送到家里,x***l,https://item.jd.com/3350764.html,3350764,{"is_add_review":"否"},2019/04/12 15:08:38,5,6fc|ecomm_url_20190413000454_030_51_20190412150838_京东_3350764_7162c8f848fde600a78d5e64c3a55bcc
京东,飞利浦新安怡 英国品牌 AVENT 宽口径玻璃奶瓶125ml+240ml新生儿套装 SCF679/53自然顺畅,给宝宝囤的货，看起来不错,jd_157029tkl,https://item.jd.com/2272004.html,2272004,{"is_add_review":"否"},2019/04/12 15:11:13,5,6fc|ecomm_url_20190413000454_030_51_20190412151113_京东_2272004_4c2cabe42991923af731d8cae1ef3506
京东,飞利浦新安怡 英国进口 AVENT 宽口径自然质柔型新生儿奶嘴六个月+适用于浓稠液体对装SCF656/23,发货速度快，质量好,一箭扎俩,https://item.jd.com/3021857.html,3021857,{"is_add_review":"否"},2019/04/12 15:13:00,5,6fc|ecomm_url_20190413000454_030_51_20190412151300_京东_3021857_eaf0a50727df78e04220f496b1d8acb8
京东,飞利浦新安怡 英国品牌 AVENT 宽口径玻璃奶瓶125ml+240ml新生儿套装 SCF679/53自然顺畅,东西好用,小***物,https://item.jd.com/2272004.html,2272004,{"is_add_review":"否"},2019/04/12 15:13:04,5,6fc|ecomm_url_20190413000454_030_51_20190412151304_京东_2272004_11ef55b1f6e54b1c69e7141f8aa45f1d
京东,飞利浦新安怡 英国品牌 AVENT 宽口径自然质柔型新生儿奶嘴六个月+快流量对装SCF654/23,新安怡质量可靠，虽说比贝亲要硬一点儿，但我自打娃出生就用这个，习惯了,z***魔,https://item.jd.com/3350764.html,3350764,{"is_add_review":"否"},2019/04/12 15:20:13,5,6fc|ecomm_url_20190413000454_030_51_20190412152013_京东_3350764_0af34566aad5e2d831b157948dc258e8
京东,飞利浦新安怡 美国进口 AVENT 全硅胶柔软安抚奶嘴/牙胶0-3个月蓝/绿 一体式设计 SCF194/01,还没用，不知道能不能hou的住小家伙吧,冀五爷,https://item.jd.com/3887460.html,3887460,{"is_add_review":"否"},2019/04/12 15:21:32,5,6fc|ecomm_url_20190413000454_030_51_20190412152132_京东_3887460_961d8b58e0620f38e43ede74ab0cbb88
京东,飞利浦新安怡 英国品牌 AVENT 宽口径玻璃奶瓶125ml+240ml新生儿套装 SCF679/53自然顺畅,质量不错，纯玻璃的，还送了三包湿巾，和店家描述的一样,j***4,https://item.jd.com/2272004.html,2272004,{"is_add_review":"否"},2019/04/12 15:27:34,5,6fc|ecomm_url_20190413000454_030_51_20190412152734_京东_2272004_b08892136b150923934d0e6406240661
京东,飞利浦新安怡 自然系列双边电动吸乳器/吸奶器 卓悦排空 自然韵律科技 SCF303/01新老款随机发货,每个月从京东买很多东西，都很好，从商品到物流都很满意，希望京东越来越靠谱，让人能放心购买。给我京豆～给我京豆～给我京豆～,jdelainefeb,https://item.jd.com/2576004.html,2576004,{"is_add_review":"否"},2019/04/12 15:37:37,5,6fc|ecomm_url_20190413000454_030_51_20190412153737_京东_2576004_dc3f649f664bd698e72b258567182534
京东,飞利浦新安怡 法国进口 AVENT 宽口径玻璃奶瓶240ml奶嘴1月+ SCF673/13 自然原生240毫升,不错不错，信赖它，买了好几次了,小七Fovever,https://item.jd.com/751340.html,751340,{"is_add_review":"否"},2019/04/12 15:48:41,5,6fc|ecomm_url_20190413000454_030_51_20190412154841_京东_751340_5e892bc9539e9ee8dc475eb1e9d1e0c0
京东,飞利浦新安怡 英国品牌 AVENT 宽口径玻璃奶瓶125ml+240ml新生儿套装 SCF679/53自然顺畅,给宝宝囤货中&hellip;大品牌，放心！,j***t,https://item.jd.com/2272004.html,2272004,{"is_add_review":"否"},2019/04/12 15:57:57,5,6fc|ecomm_url_20190413000454_030_51_20190412155757_京东_2272004_3ea3c6a303815ea36cf7817fe3a36432
京东,飞利浦新安怡 英国品牌 AVENT 宽口径自然亲柔型新生儿奶嘴一个月+慢流量对装SCF652/23,一直使用新安怡，在欧洲，品牌影响力挺大,j***0,https://item.jd.com/3350778.html,3350778,{"is_add_review":"否"},2019/04/12 15:59:44,5,6fc|ecomm_url_20190413000454_030_51_20190412155944_京东_3350778_6ed4d7818b3d1971b6300e615770fdfa
京东,飞利浦新安怡 法国进口 AVENT 宽口径玻璃奶瓶240ml奶嘴1月+ SCF673/13 自然原生240毫升,宝宝不吃新安怡的奶嘴，无奈放了贝亲奶嘴在上面，但是不是很合适，杯子挺重的，还是喜欢贝亲的奶瓶。,life624,https://item.jd.com/751340.html,751340,{"is_add_review":"否"},2019/04/12 16:14:19,5,6fc|ecomm_url_20190413000454_030_51_20190412161419_京东_751340_4ba9b1b981c7b514b43176dc13513d1f
京东,飞利浦新安怡 英国品牌 AVENT 宽口径自然亲柔型奶嘴新生儿流量对装SCF651/23,收到货了 还没使用 用后做评价,谢***楠,https://item.jd.com/3350756.html,3350756,{"is_add_review":"否"},2019/04/12 16:34:12,5,6fc|ecomm_url_20190413000454_030_51_20190412163412_京东_3350756_4a421f62baadaf880912a152a0d5c9f5
京东,飞利浦新安怡 英国品牌 AVENT 宽口径玻璃奶瓶125ml+240ml新生儿套装 SCF679/53自然顺畅,一直都是用这款奶瓶，很好用,文辉1688,https://item.jd.com/2272004.html,2272004,{"is_add_review":"否"},2019/04/12 16:43:31,5,6fc|ecomm_url_20190413000454_030_51_20190412164331_京东_2272004_65b3efa40afac66c46feefcb493e1c0b
京东,飞利浦新安怡 英国品牌 AVENT 宽口径玻璃奶瓶240ml奶嘴1月+SCF679/13自然顺畅240毫升,宝贝很好用，,文辉1688,https://item.jd.com/2272002.html,2272002,{"is_add_review":"否"},2019/04/12 16:44:47,5,6fc|ecomm_url_20190413000454_030_51_20190412164447_京东_2272002_61536adc1f87211604c6ae563ab9821c
京东,飞利浦 新安怡200毫升卡通吸管杯儿童水杯/宝宝学饮杯（梦幻紫）美国牙医推荐 SCF793/02,非常棒，水杯不错，宝宝喜欢，可惜把管子咬坏了，如果有管子配件就好了，不用买整个杯子了,t***x,https://item.jd.com/4776368.html,4776368,{"is_add_review":"否"},2019/04/12 16:50:31,5,6fc|ecomm_url_20190413000454_030_51_20190412165031_京东_4776368_592640a0cbbe6139eb7ec3933be0153e
京东,飞利浦 新安怡200毫升带手柄吸管杯儿童水杯/宝宝学饮杯红蓝 美国牙医推荐 SCF793/01,大品牌，做工挺好的，孩子的东西还是要注意安全，不能乱买,warson0575,https://item.jd.com/4776366.html,4776366,{"is_add_review":"否"},2019/04/12 16:51:43,5,6fc|ecomm_url_20190413000454_030_51_20190412165143_京东_4776366_c6ed03b69aff6f236bf43943560c0488
京东,飞利浦 新安怡300毫升带手柄吸管杯儿童水杯/宝宝学饮杯（阳光绿）美国牙医推荐 SCF795/01,宝宝爱上喝水棒棒哒,雨***M,https://item.jd.com/4039969.html,4039969,{"is_add_review":"否"},2019/04/12 16:55:02,5,6fc|ecomm_url_20190413000454_030_51_20190412165502_京东_4039969_fdb8e2c90720eb1926f2fd239a7352b3
京东,飞利浦新安怡 英国进口 AVENT 宽口径自然质柔型新生儿奶嘴六个月+适用于浓稠液体对装SCF656/23,很好用,zzl20071325,https://item.jd.com/3021857.html,3021857,{"is_add_review":"否"},2019/04/12 17:00:43,5,6fc|ecomm_url_20190413000454_030_51_20190412170043_京东_3021857_8fd888da8c3c365d954c758032f085cb
京东,飞利浦新安怡 英国品牌 AVENT 宽口径玻璃奶瓶125ml+240ml新生儿套装 SCF679/53自然顺畅,满意,jd_6e788*****588,https://item.jd.com/2272004.html,2272004,{"is_add_review":"否"},2019/04/12 17:05:08,5,6fc|ecomm_url_20190413000454_030_51_20190412170508_京东_2272004_71d713ba1b4cea5c70c1446a48b20abc
京东,飞利浦新安怡 英国品牌 AVENT 宽口径自然质柔型新生儿奶嘴六个月+快流量对装SCF654/23,给女儿买的，希望能好用吧～,f***g,https://item.jd.com/3350764.html,3350764,{"is_add_review":"否"},2019/04/12 17:06:26,5,6fc|ecomm_url_20190413000454_030_51_20190412170626_京东_3350764_6d3671f1f74003d3fd4281e12b635701
京东,飞利浦新安怡 英国进口 AVENT 宽口径自然质柔型可调速新生儿奶嘴3个月+对装SCF655/23,给女儿买的，希望能好用吧～,f***g,https://item.jd.com/3021865.html,3021865,{"is_add_review":"否"},2019/04/12 17:06:56,5,6fc|ecomm_url_20190413000454_030_51_20190412170656_京东_3021865_cb38becf131db53c1a09d9278877a95b
京东,飞利浦 新安怡200毫升带手柄吸管杯儿童水杯/宝宝学饮杯红蓝 美国牙医推荐 SCF793/01,回购回购正品，靠谱，好用，颜值高娃超爱用这个喝水,jd_177960xyf,https://item.jd.com/4776366.html,4776366,{"is_add_review":"否"},2019/04/12 17:10:13,5,6fc|ecomm_url_20190413000454_030_51_20190412171013_京东_4776366_e983b66ccb41198898852d6ec9059205
京东,飞利浦 新安怡300毫升带手柄吸管杯儿童水杯/宝宝学饮杯（阳光绿）美国牙医推荐 SCF795/01,好用，使用之前买的小容量高颜值的蓝色恐龙版，现在再买一个大的。,jd_177960xyf,https://item.jd.com/4039969.html,4039969,{"is_add_review":"否"},2019/04/12 17:12:32,5,6fc|ecomm_url_20190413000454_030_51_20190412171232_京东_4039969_0e6796705d4d2d6bec277d43b8905a9b
京东,飞利浦新安怡 英国品牌 AVENT 宽口径玻璃奶瓶240ml奶嘴1月+SCF679/13自然顺畅240毫升,一直用这个奶瓶，就是价格太贵了,s***0,https://item.jd.com/2272002.html,2272002,{"is_add_review":"否"},2019/04/12 17:20:00,5,6fc|ecomm_url_20190413000454_030_51_20190412172000_京东_2272002_5d5601476487660ccb85bc5e949cb83f
京东,,京东货的质量太差了，第一个，奶嘴漏奶，换一个瓶身有气泡孔是次品，已申请退货。,jd_cjg2012,https://item.jd.com/5479831.html,5479831,{"is_add_review":"否"},2019/04/12 17:20:05,5,6fc|ecomm_url_20190413000454_030_51_20190412172005_京东_5479831_ea04b20ce424441a4fd75f0e84936326
京东,飞利浦新安怡 英国品牌 AVENT 宽口径玻璃奶瓶125ml+240ml新生儿套装 SCF679/53自然顺畅,老大就用的这个，很好，大品牌,m***h,https://item.jd.com/2272004.html,2272004,{"is_add_review":"否"},2019/04/12 17:22:32,5,6fc|ecomm_url_20190413000454_030_51_20190412172232_京东_2272004_cb9a31c1895aaea41f2e9abff2d208a9
京东,,不怎么好用，经常漏奶,jd_cjg2012,https://item.jd.com/5479831.html,5479831,{"is_add_review":"否"},2019/04/12 17:24:18,5,6fc|ecomm_url_20190413000454_030_51_20190412172418_京东_5479831_3a24e452668e6bcbbc9411387d385a3a
京东,飞利浦新安怡 美国进口 AVENT 全硅胶柔软安抚奶嘴/牙胶0-3个月蓝/绿 一体式设计 SCF194/01,奶嘴很柔软，还没用但是没有任何味道,jd_188922buc,https://item.jd.com/3887460.html,3887460,{"is_add_review":"否"},2019/04/12 17:32:52,5,6fc|ecomm_url_20190413000454_030_51_20190412173252_京东_3887460_a47c166f1e50743021fcd5228af8d91f
京东,飞利浦新安怡 法国进口 AVENT 宽口径玻璃奶瓶240ml奶嘴1月+ SCF673/13 自然原生240毫升,很厚实，奶嘴很软，宝宝喝起来省力,爱***美,https://item.jd.com/751340.html,751340,{"is_add_review":"否"},2019/04/12 17:38:00,5,6fc|ecomm_url_20190413000454_030_51_20190412173800_京东_751340_ab93ded876acbb3c17d819995d52fcbd
京东,飞利浦新安怡 英国品牌 AVENT 宽口径自然亲柔型新生儿奶嘴三个月+中流量对装SCF653/23,挺好用的，很软，宝宝容易接受。。。。。。。。。。。。,爱***美,https://item.jd.com/3021861.html,3021861,{"is_add_review":"否"},2019/04/12 17:38:51,5,6fc|ecomm_url_20190413000454_030_51_20190412173851_京东_3021861_5197911a45e4ebb364de1684eb2c601e
京东,飞利浦新安怡 英国进口 AVENT 宽口径自然质柔型新生儿奶嘴六个月+适用于浓稠液体对装SCF656/23,品质很好，宝贝很喜欢，物流很快。,wyxygmx,https://item.jd.com/3021857.html,3021857,{"is_add_review":"否"},2019/04/12 17:46:01,5,6fc|ecomm_url_20190413000454_030_51_20190412174601_京东_3021857_b5220fea1ad7fa18a6dc154c6862c08b
京东,飞利浦新安怡 200毫升卡通企鹅杯鸭嘴杯儿童水杯/宝宝学饮杯（黑色） 灵活软嘴 SCF751/36,大牌的，谢谢啦嗯嗯！质量好，孩子喜欢！性价比最高！正品漂亮！,jd_081223413,https://item.jd.com/5479799.html,5479799,{"is_add_review":"否"},2019/04/12 17:47:58,5,6fc|ecomm_url_20190413000454_030_51_20190412174758_京东_5479799_fd0b49584ac8bc33564f9a1dd77de455
京东,飞利浦新安怡 英国品牌 AVENT 宽口径自然质柔型新生儿奶嘴六个月+快流量对装SCF654/23,还是那么好用，我娃换了个另一种有纹路的奶嘴，直接不喝奶了，赶紧又买了这个换回来，才喝奶的,j***5,https://item.jd.com/3350764.html,3350764,{"is_add_review":"否"},2019/04/12 17:48:14,5,6fc|ecomm_url_20190413000454_030_51_20190412174814_京东_3350764_89068c706f7ab214c2f9925e6a1351ac
京东,飞利浦新安怡 英国品牌 AVENT 宽口径自然亲柔型奶嘴新生儿特小流量对装SCF657/23,很方便，来回替换了，还会回购,gengyr66,https://item.jd.com/3350760.html,3350760,{"is_add_review":"否"},2019/04/12 17:53:39,5,6fc|ecomm_url_20190413000454_030_51_20190412175339_京东_3350760_19882dbf2a56780a9e212f21c7c9e52a
京东,飞利浦新安怡 英国品牌 AVENT 宽口径玻璃奶瓶125ml+240ml新生儿套装 SCF679/53自然顺畅,就图京东购物方便，价格起伏不定！,静--悄悄,https://item.jd.com/2272004.html,2272004,{"is_add_review":"否"},2019/04/12 17:55:24,5,6fc|ecomm_url_20190413000454_030_51_20190412175524_京东_2272004_dc00370d324d53631690cb66161afb31
京东,,不错，这是第三个奶瓶了，不过之前买了个玻璃的，一个PES材质的，这个PA材质的应该是最好的，宝宝也很喜欢！,x***8,https://item.jd.com/5479831.html,5479831,{"is_add_review":"否"},2019/04/12 17:59:23,5,6fc|ecomm_url_20190413000454_030_51_20190412175923_京东_5479831_5472db741b21fd966bfe6c5e8c0749a3
京东,飞利浦新安怡 英国品牌 AVENT 宽口径玻璃奶瓶125ml+240ml新生儿套装 SCF679/53自然顺畅,奶瓶一如既往的好，送货及时，第二天就能用上。,j***s,https://item.jd.com/2272004.html,2272004,{"is_add_review":"否"},2019/04/12 18:04:32,5,6fc|ecomm_url_20190413000454_030_51_20190412180432_京东_2272004_f7d8caad9b31bb4e3cb6a58f2cc03b5d
京东,飞利浦 新安怡300毫升带手柄吸管杯儿童水杯/宝宝学饮杯（阳光绿）美国牙医推荐 SCF795/01,之前买了200ml的小的。觉得不错。宝宝咬不断。。确实是会有味道。多洗几次。多泡泡开水就用了。,jd_159859oan,https://item.jd.com/4039969.html,4039969,{"is_add_review":"否"},2019/04/12 18:05:03,5,6fc|ecomm_url_20190413000454_030_51_20190412180503_京东_4039969_44b13cab151d33f4a72a0f923ac2d459
京东,飞利浦新安怡 英国品牌 AVENT 宽口径玻璃奶瓶240ml奶嘴1月+SCF679/13自然顺畅240毫升,一直钟爱新安怡的奶瓶，这是第三个了，是正品，宝宝用的很好。,jd_77bdf2ace35f8,https://item.jd.com/2272002.html,2272002,{"is_add_review":"否"},2019/04/12 18:07:31,5,6fc|ecomm_url_20190413000454_030_51_20190412180731_京东_2272002_29bccaa716c83135b9fb3c7e08dc6130
京东,飞利浦新安怡 法国进口 AVENT 宽口径玻璃奶瓶240ml奶嘴1月+ SCF673/13 自然原生240毫升,突然发现没有奶瓶存储盖子，不知道是不是原装。以前买的是有储存盖的,憬焱,https://item.jd.com/751340.html,751340,{"is_add_review":"是"},2019/04/12 20:36:08,5,6fc|ecomm_url_20190413000454_030_51_20190412181154_京东_751340_db2dd190ad87ac960b6f8b636085ef79
京东,飞利浦新安怡 美国进口 AVENT 全硅胶柔软安抚奶嘴/牙胶0-3个月粉/紫 一体式设计 SCF194/02,硅胶的，上午买的下午就送到了。,双鱼座文杰,https://item.jd.com/3457205.html,3457205,{"is_add_review":"否"},2019/04/12 18:13:34,5,6fc|ecomm_url_20190413000454_030_51_20190412181334_京东_3457205_160c0d16fc474e976ac27bc2f2eb4dab
京东,飞利浦 新安怡200毫升带手柄吸管杯儿童水杯/宝宝学饮杯红蓝 美国牙医推荐 SCF793/01,经常买，很好很喜欢～～,w***x,https://item.jd.com/4776366.html,4776366,{"is_add_review":"否"},2019/04/12 18:13:41,5,6fc|ecomm_url_20190413000454_030_51_20190412181341_京东_4776366_f10013f9cf9c5ebc0385f1d2f9e48077
京东,飞利浦新安怡 英国品牌 AVENT 宽口径玻璃奶瓶125ml+240ml新生儿套装 SCF679/53自然顺畅,突然发现没有奶瓶存储盖子，不知道是不是原装。以前买的是有储存盖的,憬焱,https://item.jd.com/2272004.html,2272004,{"is_add_review":"是"},2019/04/12 20:35:55,5,6fc|ecomm_url_20190413000454_030_51_20190412181350_京东_2272004_7ce9614ec2f7132416ecca1f31e74502
京东,,选择大品牌就是好，安全,1***8,https://item.jd.com/5479831.html,5479831,{"is_add_review":"否"},2019/04/12 18:16:03,5,6fc|ecomm_url_20190413000454_030_51_20190412181603_京东_5479831_22da65302bb5d3503e572a048702101b
京东,飞利浦新安怡 美国进口 AVENT 全硅胶柔软安抚奶嘴/牙胶0-3个月粉/紫 一体式设计 SCF194/02,不怎么好用，外面没单独的盒子，宝宝也不爱吸。,f***9,https://item.jd.com/3457205.html,3457205,{"is_add_review":"否"},2019/04/12 18:17:49,5,6fc|ecomm_url_20190413000454_030_51_20190412181749_京东_3457205_2d03a3b7a79323ce91deafed0ca4deea
京东,飞利浦新安怡 英国品牌 AVENT 宽口径玻璃奶瓶125ml+240ml新生儿套装 SCF679/53自然顺畅,东西收到了，快递很快，太多快递了，效果后续追评哦。,缺席了疲惫誰都無所谓,https://item.jd.com/2272004.html,2272004,{"is_add_review":"否"},2019/04/12 18:20:31,5,6fc|ecomm_url_20190413000454_030_51_20190412182031_京东_2272004_a5eb35f5133eb5414b5530733d789f7c
京东,飞利浦新安怡 英国品牌 AVENT 宽口径自然质柔型新生儿奶嘴六个月+快流量对装SCF654/23,做活动买的，质优价廉挺划算,gehai666,https://item.jd.com/3350764.html,3350764,{"is_add_review":"否"},2019/04/12 18:29:33,5,6fc|ecomm_url_20190413000454_030_51_20190412182933_京东_3350764_b8fad0adddf5007b38d612af0414cd52
京东,飞利浦新安怡 英国进口 AVENT 宽口径自然顺畅新生儿PA奶瓶4盎司/125毫升单个装 带把手(奶嘴0月+) SCF472/18,大宝一直都是用新安怡，现在二宝囤货用！一如既往的好！好评好评！,m***6,https://item.jd.com/5674010.html,5674010,{"is_add_review":"否"},2019/04/12 18:30:15,5,6fc|ecomm_url_20190413000454_030_51_20190412183015_京东_5674010_b97c6498be4f93043852375a5126e467
京东,飞利浦 新安怡200毫升带手柄吸管杯儿童水杯/宝宝学饮杯红蓝 美国牙医推荐 SCF793/01,美中不足。味道很大，该怎么处理？,WAN20160618,https://item.jd.com/4776366.html,4776366,{"is_add_review":"否"},2019/04/12 18:31:58,5,6fc|ecomm_url_20190413000454_030_51_20190412183158_京东_4776366_c9385f1793414cb41e54a9f7fcb6b9e1
京东,飞利浦新安怡 英国品牌 AVENT 宽口径自然亲柔型新生儿奶嘴三个月+中流量对装SCF653/23,商品不错，京东自营配送快，商品放心,s***3,https://item.jd.com/3021861.html,3021861,{"is_add_review":"否"},2019/04/12 18:43:28,5,6fc|ecomm_url_20190413000454_030_51_20190412184328_京东_3021861_576c92b524699cae3f599c7c772f5535
京东,飞利浦新安怡 英国品牌 AVENT 宽口径玻璃奶瓶125ml+240ml新生儿套装 SCF679/53自然顺畅,一大一小正合适，目测没有缺陷，奶嘴的质量看着也还行，期待小孩的使用效果吧,jd_186317uju,https://item.jd.com/2272004.html,2272004,{"is_add_review":"否"},2019/04/12 18:51:06,5,6fc|ecomm_url_20190413000454_030_51_20190412185106_京东_2272004_e89b8a0551204bcda1a8c15d2f4aed39
京东,飞利浦新安怡 英国品牌 AVENT 宽口径自然质柔型新生儿奶嘴六个月+快流量对装SCF654/23,还不错,kl48qw,https://item.jd.com/3350764.html,3350764,{"is_add_review":"否"},2019/04/12 18:52:08,5,6fc|ecomm_url_20190413000454_030_51_20190412185208_京东_3350764_943cc7267af44176ee0403ad75e6a1b0
京东,飞利浦新安怡 英国品牌 AVENT 宽口径玻璃奶瓶240ml奶嘴1月+SCF679/13自然顺畅240毫升,很好用这是N多次定购这个奶瓶了！超实惠！忒喜欢了！,1***李,https://item.jd.com/2272002.html,2272002,{"is_add_review":"否"},2019/04/12 18:52:46,5,6fc|ecomm_url_20190413000454_030_51_20190412185246_京东_2272002_b8b817259a49aefb6d63f642af04bab2
京东,飞利浦新安怡 英国品牌 AVENT 宽口径自然亲柔型奶嘴新生儿特小流量对装SCF657/23,早产娃要2个多月才适合用这款。,2***i,https://item.jd.com/3350760.html,3350760,{"is_add_review":"否"},2019/04/12 18:52:55,5,6fc|ecomm_url_20190413000454_030_51_20190412185255_京东_3350760_b5e1c47c919c1e11cd68a886b0a45cae
京东,飞利浦新安怡 英国进口 AVENT 宽口径自然质柔型新生儿奶嘴六个月+适用于浓稠液体对装SCF656/23,飞利浦值得信赖，孩子奶瓶，奶嘴都用这个牌子，挺好的，耐l咬,w***2,https://item.jd.com/3021857.html,3021857,{"is_add_review":"否"},2019/04/12 18:54:50,5,6fc|ecomm_url_20190413000454_030_51_20190412185450_京东_3021857_36c103cfd973a8248db3d98cf04a2395
京东,飞利浦新安怡法国进口 AVENT 宽口径玻璃奶瓶120ml奶嘴0月+ SCF671/13 自然系列120毫升,奶瓶不错,w***o,https://item.jd.com/751338.html,751338,{"is_add_review":"否"},2019/04/12 18:58:22,5,6fc|ecomm_url_20190413000454_030_51_20190412185822_京东_751338_97257fee1c0da9dd0d6f4a2c9fe58594
京东,,奶瓶可以，胖嘟嘟的,w***o,https://item.jd.com/5479831.html,5479831,{"is_add_review":"否"},2019/04/12 18:58:38,5,6fc|ecomm_url_20190413000454_030_51_20190412185838_京东_5479831_fa728ca7189fd1fad5ceb82cf2cee40c
京东,飞利浦新安怡 英国品牌 AVENT 宽口径自然质柔型新生儿奶嘴六个月+快流量对装SCF654/23,老大用完。老二用，一直信赖，值得拥有,136*****284,https://item.jd.com/3350764.html,3350764,{"is_add_review":"否"},2019/04/12 19:17:08,5,6fc|ecomm_url_20190413000454_030_51_20190412191708_京东_3350764_fbd61d763dc1fd6214965bec2062d310
京东,飞利浦新安怡 英国品牌 AVENT 宽口径玻璃奶瓶125ml+240ml新生儿套装 SCF679/53自然顺畅,囤货中，看着不错，还没用！！,j***b,https://item.jd.com/2272004.html,2272004,{"is_add_review":"否"},2019/04/12 19:19:41,5,6fc|ecomm_url_20190413000454_030_51_20190412191941_京东_2272004_d5965b2a01c322d5f8808dfb451e4516
京东,飞利浦 新安怡200毫升带手柄吸管杯儿童水杯/宝宝学饮杯红蓝 美国牙医推荐 SCF793/01,惯着他了没钱吃饭啦吗哦那就不知道了反正就这样啊,每日2毫,https://item.jd.com/4776366.html,4776366,{"is_add_review":"否"},2019/04/12 19:19:52,5,6fc|ecomm_url_20190413000454_030_51_20190412191952_京东_4776366_6e478204dd82670c8edbc7857745ae82
京东,飞利浦新安怡宽口径橙色海马自然玻璃奶瓶240ml奶嘴1月+,用着挺好的，非常适合宝宝用，奶嘴特别符合宝宝用，,韩小虎v,https://item.jd.com/100002625624.html,100002625624,{"is_add_review":"否"},2019/04/12 19:21:36,5,6fc|ecomm_url_20190413000454_030_51_20190412192136_京东_100002625624_6626c09353ee64d12fef6d230df42aed
京东,飞利浦新安怡 英国品牌 AVENT 宽口径自然亲柔型新生儿奶嘴一个月+慢流量对装SCF652/23,用着挺好的，非常适合宝宝用，奶嘴特别符合宝宝用，,韩小虎v,https://item.jd.com/3350778.html,3350778,{"is_add_review":"否"},2019/04/12 19:21:43,5,6fc|ecomm_url_20190413000454_030_51_20190412192143_京东_3350778_d23b409484d7b50ceb449b2a09b743b8
京东,飞利浦新安怡 英国品牌 自然系列单边电动吸乳器/吸奶器 排空乳房 自然韵律科技 SCF301/01新老款随机发货,看着还不错,熊猫不是猫PL,https://item.jd.com/2908574.html,2908574,{"is_add_review":"否"},2019/04/12 19:33:22,5,6fc|ecomm_url_20190413000454_030_51_20190412193322_京东_2908574_43a6692e774a44d3ac8b3d44007edfaf
京东,飞利浦新安怡 英国品牌 自然系列单边电动吸乳器/吸奶器 排空乳房 自然韵律科技 SCF301/01新老款随机发货,还没使用，希望很好吧,吸***0,https://item.jd.com/2908574.html,2908574,{"is_add_review":"否"},2019/04/12 19:33:26,5,6fc|ecomm_url_20190413000454_030_51_20190412193326_京东_2908574_5bb3ce81baa08bd36d8b8d40478e6a12
京东,飞利浦新安怡 英国品牌 AVENT 宽口径自然亲柔型奶嘴新生儿特小流量对装SCF657/23,已经收到货物，很不错，使用也很满意,jd_187644aei,https://item.jd.com/3350760.html,3350760,{"is_add_review":"否"},2019/04/12 19:45:38,5,6fc|ecomm_url_20190413000454_030_51_20190412194538_京东_3350760_8d0bbd17ec8701fc56a572655c292911
京东,飞利浦新安怡 英国进口 AVENT 宽口径自然质柔型可调速新生儿奶嘴3个月+对装SCF655/23,已经收到货物，很不错，使用也很满意,jd_187644aei,https://item.jd.com/3021865.html,3021865,{"is_add_review":"否"},2019/04/12 19:45:47,5,6fc|ecomm_url_20190413000454_030_51_20190412194547_京东_3021865_e44f5ffff10deaade84b36ca8936dbf8
京东,飞利浦新安怡 英国进口 AVENT 宽口径自然质柔型新生儿奶嘴六个月+适用于浓稠液体对装SCF656/23,已经收到货物，很不错，使用也很满意,jd_187644aei,https://item.jd.com/3021857.html,3021857,{"is_add_review":"否"},2019/04/12 19:45:52,5,6fc|ecomm_url_20190413000454_030_51_20190412194552_京东_3021857_ce548a86a10927a26bc7d5c087db1127
京东,飞利浦新安怡 英国进口 AVENT 宽口径自然质柔型可调速新生儿奶嘴3个月+对装SCF655/23,儿子不喜欢,j***1,https://item.jd.com/3021865.html,3021865,{"is_add_review":"否"},2019/04/12 19:58:48,5,6fc|ecomm_url_20190413000454_030_51_20190412195848_京东_3021865_f8159ac7cb85e542f6d713c99ca656cf
京东,飞利浦新安怡 英国品牌 AVENT 宽口径玻璃奶瓶125ml+240ml新生儿套装 SCF679/53自然顺畅,一大一小，感觉还可以,o***y,https://item.jd.com/2272004.html,2272004,{"is_add_review":"否"},2019/04/12 20:05:56,5,6fc|ecomm_url_20190413000454_030_51_20190412200556_京东_2272004_ed6393fe3798616f3dc695d3da16a09d
京东,飞利浦新安怡 英国品牌 AVENT 宽口径玻璃奶瓶240ml奶嘴1月+SCF679/13自然顺畅240毫升,朋友买的，不清楚。,s***1,https://item.jd.com/2272002.html,2272002,{"is_add_review":"否"},2019/04/12 20:06:18,5,6fc|ecomm_url_20190413000454_030_51_20190412200618_京东_2272002_d41f16e7e34f220ea60996c45f7ba5ce
京东,飞利浦新安怡 英国品牌 AVENT 宽口径玻璃奶瓶240ml奶嘴1月+SCF679/13自然顺畅240毫升,一直用这个品牌的奶瓶，很好用,陪你从年华到古稀,https://item.jd.com/2272002.html,2272002,{"is_add_review":"否"},2019/04/12 20:12:00,5,6fc|ecomm_url_20190413000454_030_51_20190412201200_京东_2272002_373a469b4171a1d550139fe1c12b1875
京东,飞利浦新安怡 英国进口 AVENT 宽口径自然顺畅新生儿PA奶瓶4盎司/125毫升单个装 带把手(奶嘴0月+) SCF472/18,宽口的初看着还有点不习惯的，质量确实杠杠的,叁分之壹,https://item.jd.com/5674010.html,5674010,{"is_add_review":"否"},2019/04/12 20:17:29,5,6fc|ecomm_url_20190413000454_030_51_20190412201729_京东_5674010_209f80ee9a99f58109aca701f0deceb5
京东,飞利浦新安怡 英国品牌 AVENT 宽口径玻璃奶瓶125ml+240ml新生儿套装 SCF679/53自然顺畅,商品看起来还是比较精致的，外观还是挺漂亮的，用起来也还行,jd_183363acf,https://item.jd.com/2272004.html,2272004,{"is_add_review":"否"},2019/04/12 20:20:03,5,6fc|ecomm_url_20190413000454_030_51_20190412202003_京东_2272004_f3a0ed5c3b4ebc64891ee3d0831d56ec
京东,飞利浦新安怡 英国品牌 AVENT 宽口径玻璃奶瓶240ml奶嘴1月+SCF679/13自然顺畅240毫升,不是纯玻璃，奶瓶煮过有股胶味，奶嘴烫过胶味很重，以后还是在实体店买,唐***6,https://item.jd.com/2272002.html,2272002,{"is_add_review":"否"},2019/04/12 20:25:12,1,6fc|ecomm_url_20190413000454_030_51_20190412202512_京东_2272002_34748e96c2cd93c0d22f7bdc9c0b79cc
京东,飞利浦 新安怡200毫升卡通吸管杯儿童水杯/宝宝学饮杯（梦幻紫）美国牙医推荐 SCF793/02,没有色差，真品就是这个颜色，挺好看的，宝宝还不太会用，慢慢学习吧,s***9,https://item.jd.com/4776368.html,4776368,{"is_add_review":"否"},2019/04/12 20:30:44,5,6fc|ecomm_url_20190413000454_030_51_20190412203044_京东_4776368_b82bdd5251d6d09973dfd0882b66ba75
京东,飞利浦新安怡 英国品牌 AVENT 宽口径自然亲柔型新生儿奶嘴三个月+中流量对装SCF653/23,这个奶嘴我女儿是认的，别的奶嘴不吃，扛咬耐用，真的挺好,阿申的小萌萌,https://item.jd.com/3021861.html,3021861,{"is_add_review":"否"},2019/04/12 20:32:43,5,6fc|ecomm_url_20190413000454_030_51_20190412203243_京东_3021861_faff8ea4fd769c9e18fbaf46e16ead95
京东,飞利浦新安怡 英国品牌 AVENT 宽口径玻璃奶瓶125ml+240ml新生儿套装 SCF679/53自然顺畅,物流飞快，前一天晚上买，后一天中午收到，奶瓶质量也很好，宝宝还在适应新奶瓶。,starwind1258,https://item.jd.com/2272004.html,2272004,{"is_add_review":"否"},2019/04/12 20:35:44,5,6fc|ecomm_url_20190413000454_030_51_20190412203544_京东_2272004_c185670a4a55aa4121a93301cfa1371a
京东,飞利浦 新安怡200毫升带手柄吸管杯儿童水杯/宝宝学饮杯红蓝 美国牙医推荐 SCF793/01,杯子样子很好看，也不漏水，小孩拿着杯子很喜欢自己喝&hellip;,shawn__xin,https://item.jd.com/4776366.html,4776366,{"is_add_review":"否"},2019/04/12 20:44:08,5,6fc|ecomm_url_20190413000454_030_51_20190412204408_京东_4776366_fcb8a0dbae21ba3400c2cac1d884a0c0
京东,飞利浦 新安怡300毫升带手柄吸管杯儿童水杯/宝宝学饮杯（阳光绿）美国牙医推荐 SCF795/01,已经给孩子买了好几种产品了，从小到大，一直用这款，信价比很好！,o木人石心o,https://item.jd.com/4039969.html,4039969,{"is_add_review":"否"},2019/04/12 20:48:00,5,6fc|ecomm_url_20190413000454_030_51_20190412204800_京东_4039969_821c9bde477639417d1066d10bd46cb4
京东,飞利浦新安怡 英国品牌 AVENT 宽口径玻璃奶瓶125ml+240ml新生儿套装 SCF679/53自然顺畅,看着还不错 大宝的时候用的布朗博士。 现在改用这个。还没用 先囤货。送的湿纸巾还可以。有点香。  只是觉得粘口不是很好,y***0,https://item.jd.com/2272004.html,2272004,{"is_add_review":"否"},2019/04/12 20:48:34,5,6fc|ecomm_url_20190413000454_030_51_20190412204834_京东_2272004_923214a59b205558cd117f79e4b07dd9
京东,飞利浦新安怡 英国品牌 AVENT 宽口径自然质柔型新生儿奶嘴六个月+快流量对装SCF654/23,原来是四个孔，现在改成三个孔，孩子用着有点儿费劲，就两点一线划开了，结果用了没两天又咧了个三叉大口子，感觉没有以前质量好了,h***u,https://item.jd.com/3350764.html,3350764,{"is_add_review":"否"},2019/04/12 20:48:59,5,6fc|ecomm_url_20190413000454_030_51_20190412204859_京东_3350764_db68f035e6ffc30d4a806ad89c3a9ff6
京东,飞利浦新安怡 英国品牌 AVENT 宽口径自然顺畅新生儿玻璃奶瓶6oz/160毫升 SCF678/33,给宝宝屯的，希望好用吧，看着是感觉还不错。,I***秀,https://item.jd.com/5051495.html,5051495,{"is_add_review":"否"},2019/04/12 20:54:22,5,6fc|ecomm_url_20190413000454_030_51_20190412205422_京东_5051495_9d249bd5057b810095a793914d566bc1
京东,飞利浦 新安怡200毫升带手柄吸管杯儿童水杯/宝宝学饮杯红蓝 美国牙医推荐 SCF793/01,满意的一次购物。大品牌质量还是有保证的。,woshiyimirangguangnv,https://item.jd.com/4776366.html,4776366,{"is_add_review":"否"},2019/04/12 20:57:44,5,6fc|ecomm_url_20190413000454_030_51_20190412205744_京东_4776366_b592bba520e38d5c2e637b66ebb7819c
京东,飞利浦新安怡 英国品牌 AVENT 宽口径自然质柔型新生儿奶嘴六个月+快流量对装SCF654/23,已经回购多次，质量过硬,大虾哥,https://item.jd.com/3350764.html,3350764,{"is_add_review":"否"},2019/04/12 21:00:11,5,6fc|ecomm_url_20190413000454_030_51_20190412210011_京东_3350764_6f2181f86591b7bed7d122f27bffcb85
京东,飞利浦新安怡 英国品牌 AVENT 宽口径自然顺畅新生儿玻璃奶瓶6oz/160毫升 SCF678/33,一直用的这种奶瓶，挺好用的,酒醉伤离别,https://item.jd.com/5051495.html,5051495,{"is_add_review":"否"},2019/04/12 21:03:41,5,6fc|ecomm_url_20190413000454_030_51_20190412210341_京东_5051495_24d45bb49c60424d40aba3daf1a23978
京东,飞利浦新安怡 美国进口 AVENT 全硅胶柔软安抚奶嘴/牙胶0-3个月蓝/绿 一体式设计 SCF194/01,给宝宝买的，比之前的奶嘴更喜欢。全硅胶材质，更放心 安全。,a***z,https://item.jd.com/3887460.html,3887460,{"is_add_review":"否"},2019/04/12 21:04:16,5,6fc|ecomm_url_20190413000454_030_51_20190412210416_京东_3887460_c99958b4497e016df9179d994ee6c22b
京东,飞利浦新安怡 英国品牌 AVENT 宽口径自然质柔型新生儿奶嘴六个月+快流量对装SCF654/23,原来买的都是4孔的，现在给发的三孔孩子都不爱喝奶了！,咖啡的味道Jlc,https://item.jd.com/3350764.html,3350764,{"is_add_review":"否"},2019/04/12 21:05:28,1,6fc|ecomm_url_20190413000454_030_51_20190412210528_京东_3350764_7a677cc0d4366fbd36956fb8f87f7b53
京东,飞利浦新安怡 美国进口 AVENT 全硅胶柔软安抚奶嘴/牙胶0-3个月粉/紫 一体式设计 SCF194/02,奶嘴还不错，开始还行，后来宝宝就不吃了,crystaljing1985,https://item.jd.com/3457205.html,3457205,{"is_add_review":"否"},2019/04/12 21:07:58,5,6fc|ecomm_url_20190413000454_030_51_20190412210758_京东_3457205_dcfa9c1b19dec218bb616d5d5d1036f0
京东,飞利浦新安怡 自然系列双边电动吸乳器/吸奶器 卓悦排空 自然韵律科技 SCF303/01新老款随机发货,买回来囤货，还没使用，同事推荐,j***7,https://item.jd.com/2576004.html,2576004,{"is_add_review":"否"},2019/04/12 21:12:10,5,6fc|ecomm_url_20190413000454_030_51_20190412211210_京东_2576004_e4e9e7547b674d42da8aa58f6420022a
京东,飞利浦新安怡 法国进口 AVENT 宽口径玻璃奶瓶240ml奶嘴1月+ SCF673/13 自然原生240毫升,娃儿喜欢，都买了四个这个了，用起来方便，好洗，玻璃的材质也不错，快递哥哥辛苦了,q***5,https://item.jd.com/751340.html,751340,{"is_add_review":"否"},2019/04/12 21:14:39,5,6fc|ecomm_url_20190413000454_030_51_20190412211439_京东_751340_171e3bcabea608fa70b114e6d670c99d
京东,飞利浦新安怡宽口径蓝色小象自然玻璃奶瓶120ml奶嘴0月+,分界线非常的明显，不知道什么原因,v***8,https://item.jd.com/100002625622.html,100002625622,{"is_add_review":"否"},2019/04/12 21:19:55,5,6fc|ecomm_url_20190413000454_030_51_20190412211955_京东_100002625622_46cee350193e4496f45a46b95f36392a
京东,飞利浦新安怡 英国品牌 AVENT 宽口径自然亲柔型奶嘴新生儿流量对装SCF651/23,京东搞活动买的，比超市便宜多了，划算，家里几乎吃、穿、用都是京东购的，不错！,幻***星,https://item.jd.com/3350756.html,3350756,{"is_add_review":"否"},2019/04/12 21:21:39,5,6fc|ecomm_url_20190413000454_030_51_20190412212139_京东_3350756_a7a09ae8bfa175cddf7db2687db52394
京东,飞利浦新安怡 英国品牌 AVENT 宽口径自然顺畅新生儿玻璃奶瓶6oz/160毫升 SCF678/33,京东搞活动买的，比商场便宜多了，划算，家里几乎吃、穿、用都是京东购的，不错！,幻***星,https://item.jd.com/5051495.html,5051495,{"is_add_review":"否"},2019/04/12 21:21:56,5,6fc|ecomm_url_20190413000454_030_51_20190412212156_京东_5051495_5f18994a63b8a75b4ce0bcde9c05dc2d
京东,飞利浦新安怡法国进口 AVENT 宽口径玻璃奶瓶120ml奶嘴0月+ SCF671/13 自然系列120毫升,新安怡的玻璃奶瓶是不错，买第二个了，就是用久了会发黄。,ZZ猪猪PIG,https://item.jd.com/751338.html,751338,{"is_add_review":"否"},2019/04/12 21:22:51,5,6fc|ecomm_url_20190413000454_030_51_20190412212251_京东_751338_a684bea3ad78f09270fa38a473283ab2
京东,飞利浦新安怡 英国品牌 AVENT 宽口径自然亲柔型新生儿奶嘴三个月+中流量对装SCF653/23,新安怡的替换奶嘴很不错，宝宝喜欢用。,ZZ猪猪PIG,https://item.jd.com/3021861.html,3021861,{"is_add_review":"否"},2019/04/12 21:27:47,5,6fc|ecomm_url_20190413000454_030_51_20190412212747_京东_3021861_372a83a121ca8091a60a04ac9441cb65
京东,飞利浦 新安怡200毫升带手柄吸管杯儿童水杯/宝宝学饮杯红蓝 美国牙医推荐 SCF793/01,宝宝还小。还不会用。但看上去是正品。质量可靠。,jd_654800713,https://item.jd.com/4776366.html,4776366,{"is_add_review":"否"},2019/04/12 21:31:11,5,6fc|ecomm_url_20190413000454_030_51_20190412213111_京东_4776366_2c222ec047f47bd95e14eddfaf3e0552
京东,飞利浦新安怡 英国品牌 AVENT 宽口径自然顺畅新生儿玻璃奶瓶6oz/160毫升 SCF678/33,奶瓶都是新安怡，买了5个各种容量的,小墨迹的购物车,https://item.jd.com/5051495.html,5051495,{"is_add_review":"否"},2019/04/12 21:32:13,5,6fc|ecomm_url_20190413000454_030_51_20190412213213_京东_5051495_9ed77c119b207d58c0206295f1226444
京东,飞利浦新安怡 法国进口 AVENT 宽口径玻璃奶瓶240ml奶嘴1月+ SCF673/13 自然原生240毫升,比实体店便宜一半多，值,h***0,https://item.jd.com/751340.html,751340,{"is_add_review":"否"},2019/04/12 21:33:35,5,6fc|ecomm_url_20190413000454_030_51_20190412213335_京东_751340_401022db44ce2cef8f9a2a0e16875cd8
京东,飞利浦 新安怡200毫升卡通吸管杯儿童水杯/宝宝学饮杯（梦幻紫）美国牙医推荐 SCF793/02,颜色很美形状萌，宝宝就喜欢瓶瓶罐罐之类的，对这个也爱不释手，不过杯子刚拿到有点小瑕疵，商家给换了一个新的，服务也不错。,小白兔cynthia,https://item.jd.com/4776368.html,4776368,{"is_add_review":"否"},2019/04/12 21:33:42,5,6fc|ecomm_url_20190413000454_030_51_20190412213342_京东_4776368_d85fb0de90c3055e84c38d8ba56cfa71
京东,飞利浦新安怡 英国品牌 AVENT 宽口径玻璃奶瓶125ml+240ml新生儿套装 SCF679/53自然顺畅,奶瓶挺划算的，其实吧玻璃的能送奶瓶套更好，我买了这个奶瓶，单独买了2个套套，2个套38快有点不划算。但是能保护奶瓶又必须买。,j***C,https://item.jd.com/2272004.html,2272004,{"is_add_review":"否"},2019/04/12 21:34:11,5,6fc|ecomm_url_20190413000454_030_51_20190412213411_京东_2272004_b4d65790f7a562b098d7ecfebf077da7
京东,飞利浦 新安怡200毫升带手柄吸管杯儿童水杯/宝宝学饮杯红蓝 美国牙医推荐 SCF793/01,挺好的，有需要再过来买,七***尘,https://item.jd.com/4776366.html,4776366,{"is_add_review":"否"},2019/04/12 21:39:29,5,6fc|ecomm_url_20190413000454_030_51_20190412213929_京东_4776366_2fe8d4f3607e7685f243eb80757bf4c2
京东,飞利浦新安怡 英国进口 AVENT 马卡龙卡通安抚奶嘴（0-6个月）粉色对装 亲肤质地 SCF223/20,之前的用坏了，又买了对新的，不错,jd159010rzm,https://item.jd.com/5279818.html,5279818,{"is_add_review":"否"},2019/04/12 21:46:04,5,6fc|ecomm_url_20190413000454_030_51_20190412214604_京东_5279818_17678cdcb281cb5ded22e7d4956a3c1a
京东,飞利浦新安怡 英国进口 AVENT 马卡龙卡通安抚奶嘴 （6-18个月）紫色对装 亲肤质地 SCF227/22,小的用坏了，换了个大的，宝宝居然不吃，郁闷，东西还是不错的,jd159010rzm,https://item.jd.com/5279820.html,5279820,{"is_add_review":"否"},2019/04/12 21:47:13,5,6fc|ecomm_url_20190413000454_030_51_20190412214713_京东_5279820_93ff19e58ecacf07331de2a82f5633cd
京东,,很好的奶瓶推荐大家使用,186*****789_p,https://item.jd.com/5479831.html,5479831,{"is_add_review":"否"},2019/04/12 21:55:05,5,6fc|ecomm_url_20190413000454_030_51_20190412215505_京东_5479831_76f5fc19744f91efa95828fc22a32396
京东,飞利浦新安怡 英国品牌 AVENT 宽口径自然顺畅新生儿玻璃奶瓶6oz/160毫升 SCF678/33,特别好用宝宝从出生到现在都是用这个。,jd_139596erm,https://item.jd.com/5051495.html,5051495,{"is_add_review":"否"},2019/04/12 22:04:52,5,6fc|ecomm_url_20190413000454_030_51_20190412220452_京东_5051495_8a627ffd315911dbb40e14f48d71690d
京东,,挺好,皮皮love媽媽,https://item.jd.com/5479831.html,5479831,{"is_add_review":"否"},2019/04/12 22:05:23,5,6fc|ecomm_url_20190413000454_030_51_20190412220523_京东_5479831_249c3cf1e6fc166a78968f6b585d9f02
京东,飞利浦新安怡 英国品牌 AVENT 宽口径自然亲柔型奶嘴新生儿流量对装SCF651/23,原装正品，比母婴店便宜，网购方便，京东送货快,m***q,https://item.jd.com/3350756.html,3350756,{"is_add_review":"否"},2019/04/12 22:05:46,5,6fc|ecomm_url_20190413000454_030_51_20190412220546_京东_3350756_6ac8f8f11b3290c693139c493cf377da
京东,飞利浦新安怡 英国品牌 AVENT 宽口径玻璃奶瓶125ml+240ml新生儿套装 SCF679/53自然顺畅,特别好用宝宝从出生到现在都是用这个。,jd_139596erm,https://item.jd.com/2272004.html,2272004,{"is_add_review":"否"},2019/04/12 22:07:09,5,6fc|ecomm_url_20190413000454_030_51_20190412220709_京东_2272004_a13b431b999be50d43f391a51a346c64
京东,飞利浦新安怡 英国品牌 AVENT 宽口径自然亲柔型奶嘴新生儿流量对装SCF651/23,此用户未填写评价内容,jd_139596erm,https://item.jd.com/3350756.html,3350756,{"is_add_review":"是"},2019/04/12 22:10:03,5,6fc|ecomm_url_20190413000454_030_51_20190412220924_京东_3350756_7f5582c781392c54f4d231bf01bbf6f5
京东,飞利浦新安怡 英国品牌 AVENT 宽口径玻璃奶瓶125ml+240ml新生儿套装 SCF679/53自然顺畅,领券还划算哦，还送三联包湿巾，简直太完美了！,赵***煊,https://item.jd.com/2272004.html,2272004,{"is_add_review":"否"},2019/04/12 22:15:49,5,6fc|ecomm_url_20190413000454_030_51_20190412221549_京东_2272004_453380f6f50322edcbeb40ee7acc4b18
京东,飞利浦新安怡 英国品牌 AVENT 宽口径玻璃奶瓶240ml奶嘴1月+SCF679/13自然顺畅240毫升,质量很好，玻璃材质很好，物流很快,文***3,https://item.jd.com/2272002.html,2272002,{"is_add_review":"否"},2019/04/12 22:16:46,5,6fc|ecomm_url_20190413000454_030_51_20190412221646_京东_2272002_c9b0fcfb84587fc2d4807875e5a2947b
京东,飞利浦 新安怡200毫升带手柄吸管杯儿童水杯/宝宝学饮杯红蓝 美国牙医推荐 SCF793/01,第一个水杯吸管被孩子咬坏了，买了一个一模一样的，这个杯子挺好的，小孩喜欢摔东西，这个杯子绝对抗摔,c***3,https://item.jd.com/4776366.html,4776366,{"is_add_review":"否"},2019/04/12 22:18:16,5,6fc|ecomm_url_20190413000454_030_51_20190412221816_京东_4776366_092737bdb1d91e3fc61d2d56d3d78874
京东,飞利浦新安怡 英国品牌 AVENT 宽口径玻璃奶瓶125ml+240ml新生儿套装 SCF679/53自然顺畅,很不错,jd_189916xav,https://item.jd.com/2272004.html,2272004,{"is_add_review":"否"},2019/04/12 22:22:16,5,6fc|ecomm_url_20190413000454_030_51_20190412222216_京东_2272004_4ea12040b9cb05533a15ab4664de092a
京东,飞利浦 新安怡（AVENT）全硅胶柔软安抚奶嘴/牙胶（3个月+）蓝/绿对装 一体式设计 SCF194/04,奶嘴太硬，孩子不喜欢。还有一股味道。用惯别的奶嘴的还是慎重考虑一下吧,jkgsTcmbMBWo,https://item.jd.com/5132908.html,5132908,{"is_add_review":"否"},2019/04/12 22:23:18,1,6fc|ecomm_url_20190413000454_030_51_20190412222318_京东_5132908_5d038ab5751f54c80cfc3f929cbddac1
京东,,干净，透亮，看着也有档次，喜欢这个奶瓶，之前一直用贝亲的，希望宝宝会喜欢这个奶瓶,晶晶_luck,https://item.jd.com/5479831.html,5479831,{"is_add_review":"否"},2019/04/12 22:27:02,5,6fc|ecomm_url_20190413000454_030_51_20190412222702_京东_5479831_f09a3da9f95ab41103af7b4897a43f6b
京东,飞利浦新安怡 英国品牌 AVENT 宽口径自然质柔型新生儿奶嘴六个月+快流量对装SCF654/23,奶瓶自带都是小号的，还的单独买奶嘴，第一次用新安怡，希望好用,晶晶_luck,https://item.jd.com/3350764.html,3350764,{"is_add_review":"否"},2019/04/12 22:28:16,5,6fc|ecomm_url_20190413000454_030_51_20190412222816_京东_3350764_afe9c18c7c0a94ccbce0aebc4a210f89
京东,,三胎都喜欢用,jd_137108aux,https://item.jd.com/5479831.html,5479831,{"is_add_review":"否"},2019/04/12 22:29:50,5,6fc|ecomm_url_20190413000454_030_51_20190412222950_京东_5479831_42e2350d8ba80ace7913ee58cd6a3d63
京东,飞利浦新安怡 英国品牌 AVENT 宽口径自然亲柔型新生儿奶嘴一个月+慢流量对装SCF652/23,很好,jd_137108aux,https://item.jd.com/3350778.html,3350778,{"is_add_review":"否"},2019/04/12 22:30:06,5,6fc|ecomm_url_20190413000454_030_51_20190412223006_京东_3350778_bb1675809462dcb9884893177152dedc
京东,飞利浦新安怡 英国进口 AVENT 宽口径自然质柔型新生儿奶嘴六个月+适用于浓稠液体对装SCF656/23,非常好，,黄***1,https://item.jd.com/3021857.html,3021857,{"is_add_review":"否"},2019/04/12 22:31:16,5,6fc|ecomm_url_20190413000454_030_51_20190412223116_京东_3021857_97f39ab36de651f63bed08075b8224db
京东,飞利浦新安怡法国进口 AVENT 宽口径玻璃奶瓶120ml奶嘴0月+ SCF671/13 自然系列120毫升,一直用这个奶瓶，大宝出生时候用二宝也用这个，不爱胀气,X***0,https://item.jd.com/751338.html,751338,{"is_add_review":"否"},2019/04/12 22:43:31,5,6fc|ecomm_url_20190413000454_030_51_20190412224331_京东_751338_faf4e310a05695e918ab605c590ca316
京东,飞利浦新安怡 英国品牌 AVENT 宽口径自然顺畅新生儿玻璃奶瓶6oz/160毫升 SCF678/33,宝贝只认新安怡的宽口径奶瓶，实体店里一直没有150毫升的，所以来京东看看，结果买到了心仪的产品，棒棒哒,j***4,https://item.jd.com/5051495.html,5051495,{"is_add_review":"否"},2019/04/12 22:44:31,5,6fc|ecomm_url_20190413000454_030_51_20190412224431_京东_5051495_fa4d4909ea9b3a7ef3b5e4401d775483
京东,飞利浦新安怡 法国进口 AVENT 宽口径玻璃奶瓶240ml奶嘴1月+ SCF673/13 自然原生240毫升,非常好的奶瓶，大宝用时买过两个，二宝接着用这个，不爱进空气,X***0,https://item.jd.com/751340.html,751340,{"is_add_review":"否"},2019/04/12 22:45:02,5,6fc|ecomm_url_20190413000454_030_51_20190412224502_京东_751340_1862851c7bfcee89c462f1aa3cfcf7a8
京东,飞利浦新安怡 英国品牌 自然系列单边电动吸乳器/吸奶器 排空乳房 自然韵律科技 SCF301/01新老款随机发货,买的最好的一个产品！媳妇说吸起来还行，不怎么痛！比其他的品牌好多了！,S***O,https://item.jd.com/2908574.html,2908574,{"is_add_review":"否"},2019/04/12 22:46:19,5,6fc|ecomm_url_20190413000454_030_51_20190412224619_京东_2908574_92c391cd35809a91ef40f057614c7e75
京东,飞利浦新安怡 法国进口 AVENT 宽口径玻璃奶瓶240ml奶嘴1月+ SCF673/13 自然原生240毫升,我宝宝从出生到现在两岁一直用的这家的奶瓶，刚开始宝爸买，最近换成我买了，我们一家是你们的忠粉，感谢～,C***3,https://item.jd.com/751340.html,751340,{"is_add_review":"否"},2019/04/12 22:50:43,5,6fc|ecomm_url_20190413000454_030_51_20190412225043_京东_751340_a5f3da997bd1cf559ba2b1ac6a211133
京东,飞利浦新安怡 法国进口 AVENT 宽口径玻璃奶瓶240ml奶嘴1月+ SCF673/13 自然原生240毫升,物流很快，瓶子跟之前海外购的一样,x***8,https://item.jd.com/751340.html,751340,{"is_add_review":"否"},2019/04/12 22:55:38,5,6fc|ecomm_url_20190413000454_030_51_20190412225538_京东_751340_7d6ea89bb03439f9af02880f52396a6c
京东,飞利浦 新安怡200毫升带手柄吸管杯儿童水杯/宝宝学饮杯红蓝 美国牙医推荐 SCF793/01,不错的东西，正品，回购回购不错的东西，正品，回购回购不错的东西，正品，回购回购不错的东西，正品，回购回购,h***n,https://item.jd.com/4776366.html,4776366,{"is_add_review":"否"},2019/04/12 23:01:22,5,6fc|ecomm_url_20190413000454_030_51_20190412230122_京东_4776366_1cb4eabbdd7b525ff7a348111bc85d64
京东,飞利浦新安怡 英国品牌 AVENT 宽口径自然质柔型新生儿奶嘴六个月+快流量对装SCF654/23,很好,可***0,https://item.jd.com/3350764.html,3350764,{"is_add_review":"否"},2019/04/12 23:10:52,5,6fc|ecomm_url_20190413000454_030_51_20190412231052_京东_3350764_011f4300cdaaa2edd1ef42fc59cc5788
京东,飞利浦新安怡 美国进口 AVENT 全硅胶柔软安抚奶嘴/牙胶0-3个月蓝/绿 一体式设计 SCF194/01,奶嘴质量不错，如果可以有单独的防尘壳就更好了，这样子出门带着就不怕脏啦。原装盒子没办法扣住,jd_186329jlw,https://item.jd.com/3887460.html,3887460,{"is_add_review":"否"},2019/04/12 23:31:57,5,6fc|ecomm_url_20190413000454_030_51_20190412233157_京东_3887460_b418c25290bb33c1f95752900a6a90fe
京东,飞利浦新安怡 英国进口 AVENT 马卡龙卡通安抚奶嘴 （6-18个月）紫色对装 亲肤质地 SCF227/22,退了，看起来不错。买了两件，一个不用，这个直接退了,那***花,https://item.jd.com/5279820.html,5279820,{"is_add_review":"否"},2019/04/12 23:36:59,5,6fc|ecomm_url_20190413000454_030_51_20190412233659_京东_5279820_42359177dff0f9a71587c3eb293f8106
京东,飞利浦 新安怡（AVENT）全硅胶柔软安抚奶嘴/牙胶（3个月+）蓝/绿对装 一体式设计 SCF194/04,偏硬，吸不住，作废，我自己试了试，大人都吸不住，别说孩子了,那***花,https://item.jd.com/5132908.html,5132908,{"is_add_review":"否"},2019/04/12 23:39:33,5,6fc|ecomm_url_20190413000454_030_51_20190412233933_京东_5132908_b428eb351a6b23d0b1146f06a7d2c186
京东,飞利浦新安怡 英国进口 AVENT 宽口径自然质柔型新生儿奶嘴六个月+适用于浓稠液体对装SCF656/23,宝宝喜欢不错,王二二二二,https://item.jd.com/3021857.html,3021857,{"is_add_review":"否"},2019/04/12 23:42:50,5,6fc|ecomm_url_20190413000454_030_51_20190412234250_京东_3021857_e8cccff4c5793c66d54c23af0e3a3476
京东,飞利浦新安怡 英国品牌 AVENT 宽口径自然亲柔型新生儿奶嘴三个月+中流量对装SCF653/23,回购了很多次、产品真不错、快递小哥态度好、非常有责任、,jd_139787bkq,https://item.jd.com/3021861.html,3021861,{"is_add_review":"否"},2019/04/12 23:47:04,5,6fc|ecomm_url_20190413000454_030_51_20190412234704_京东_3021861_37b714c1d7e69a3dd45b2170086853cf
京东,飞利浦新安怡 法国进口 AVENT 宽口径玻璃奶瓶240ml奶嘴1月+ SCF673/13 自然原生240毫升,差评，京东购物很多，这是最差的，买回来漏奶，咨询客服，客服不停敷衍，回答很气人，这是京东几年来唯一给过的差评，就给新安怡的客服，你值这个差评，给你一星是因为这一颗星实在无法关闭,大王的买买提,https://item.jd.com/751340.html,751340,{"is_add_review":"是"},2019/04/12 23:49:34,1,6fc|ecomm_url_20190413000454_030_51_20190412234906_京东_751340_d725f1c5657ddb129fff920e6e42286c
京东,飞利浦新安怡 英国品牌 AVENT 宽口径自然顺畅新生儿玻璃奶瓶6oz/160毫升 SCF678/33,还是感觉新安怡更适合宝宝。从京东买格外放心。好评好评,依***疼,https://item.jd.com/5051495.html,5051495,{"is_add_review":"否"},2019/04/12 23:49:07,5,6fc|ecomm_url_20190413000454_030_51_20190412234907_京东_5051495_c611abe2f7cbc8f25b554f0d0133a747
京东,飞利浦新安怡 英国品牌 AVENT 宽口径自然质柔型新生儿奶嘴六个月+快流量对装SCF654/23,清洗的时候才发现边角有很多薄胶没有裁剪掉！很生气啊！现在是换了厂商还是什么情况啊！这是我徒手捏掉后还是有！跟狗咬一样，万一掉宝宝肚子里去怎么办！一直在京东这里买的，现在的产品变成这样很生气?,苏***程,https://item.jd.com/3350764.html,3350764,{"is_add_review":"否"},2019/04/12 23:52:19,1,6fc|ecomm_url_20190413000454_030_51_20190412235219_京东_3350764_61ffcb0ecdc48c618546b7b8606c1d7d
